word;weight
abadi;2
abai;-3
abaktinal;0
abdi;-3
abid;3
abis;-1
tes;1
abnormalitas;-4
abolisi;-3
abon;-4
aborsi;-3
absen;-3
abses;-4
absorpsi;-3
absurd;-1
abuk;-3
abur;-5
acak;-3
acak acak;-3
acau;4
acuh;-2
adab;3
adam;-5
adang;-3
adaptasi;2
adat;2
adegan;-3
adekuat;2
adem;2
adhesif;0
adiaktinik;0
adidaya;2
adiguna;2
adigung;2
adika;5
adikodrati;2
adiktif;-4
adikuasa;2
adil;4
adiluhung;3
adimarga;-4
adisional;1
aditama;2
aditif;1
adiwarna;2
adjektival;0
administratif;0
administrator;3
adon;-4
adu;-4
adu lidah;-3
adu mulut;-4
aduh;-2
aduhai;4
aduk;-3
adun;2
adzan;3
aerobik;0
afair;3
afdal;2
afeksi;2
afiat;2
afiliasi;-4
afirmasi;3
afirmatif;1
afotik;0
agen;-3
agen rahasia;-3
agentif;0
agraris;0
agresif ofensif;2
agung;-4
ahad;3
ahli;3
ahli agama;1
ahli bahasa;-3
ahmak;-3
ahsan;2
aib;-1
air liur;-2
ajaib;-4
ajak;1
ajal;-4
ajang;-3
ajar;-5
ajojing;3
aju;-3
ajudan;4
ajuk;-5
akademik;2
akademis;1
akhlak;4
akhlaki;2
akibat;1
akidah;3
akik;-3
akil;4
akli;1
akliah;2
akomodasi;3
akomodatif;1
akrab;3
akreditasi;2
aksa;-4
akseptabel;1
akses;2
aksi;2
aksioma;-3
aksiomatis;2
aktif;2
aktinik;0
aktivasi;2
aktual;4
akuan;3
akur;2
akurat;2
akut;-5
alai belai;-3
alaihi salam;2
alaikum;2
alami;2
alamiah;2
alangkah;-2
alas;-4
alat kelamin;-3
alat negara;-3
alat vital;-2
alay;-1
albinoid;0
album;-2
alegoris;0
alegreto;0
alegro;0
alem;4
alergi;-3
alfabetis;1
alga;0
alhamdulilah;4
alhamdulillah;4
aliansi;1
alienasi;-3
alifatik;0
alih;-3
alih bentuk;-3
alih generasi;4
alikuot;0
alim;2
alir;1
alir darah;4
alir udara;-1
alisiklik;0
alit;1
alkalis;0
alkisah;-4
alku;-5
allah;2
alobar;-4
alon;1
alone;-3
alot;1
alpa;-3
alter;-5
alun;3
alur;-4
aluvial;0
asu;-5
amal;4
amanah;5
amandel;-5
amarah;-5
amatin;-2
ambai;-5
ambal;-4
ambang;-5
ambau;-5
ambek paramaarta;1
ambigu;-3
ambiguitas;-5
ambisi;4
ambisius;2
amblas;-3
ambles;-4
ambruk;-5
ambulatori;0
amburadul;-5
amerta;2
ametis;-4
amfoterik;0
amikal;2
amin;3
amit;-4
amniotik;0
amor;-4
amoral;-3
ampai;-4
ampas;-3
ampas kopi;3
ampel;-3
ampela;-5
amplop;3
ampu;-5
ampuh;4
ampun;1
amput;-3
amtenar;-3
amuk;-5
analisis;4
analitis;-4
analog;1
anarki;-4
anatomis;0
ancai;-5
ancam;-4
andai;3
andal;2
andeka;-3
andil;4
andini;2
andur;3
aneh;-4
aneka;3
aneka jenis;0
anekdot;-4
aneksasi;-5
anfas;2
angan;3
angan angan;4
anggai;-3
anggap;3
anggar;3
anggar anggar;3
anggar lidah;-3
anggara;-4
anggota;-3
angguk;1
anggun;2
anggur;-4
angin;-5
angit;-5
angkat;-5
angkat angkat;4
angkat tangan;-5
angkat topi;-4
angkot;-1
angkup;-3
angkut;1
anglo;-4
angpau;4
angsur;1
aniaya;-4
anih;0
animo;4
aniridia;0
anisotropis;0
anja anja;0
anjak;-3
anjay;-3
anjer;-3
anjg;-5
anjing;-4
anjing tanah;-5
anjir;-1
anjis;-1
anjlok;-4
anjung;4
anjur;-3
anodonsia;0
anom;-4
anorganik;0
anorgastik;0
ansar;4
antagonisme;-4
antap;-5
antarmaster;2
antarnegara;1
antarplanet;1
antek;-3
antem;-4
antemeridiem;0
anteng;4
anti;-2
antik;2
antikarat;1
antiklinal;0
antipati;2
antisiklonis;0
antisipasi;3
antitesis;-3
antologi;1
antroposentris;0
antuk;-4
antun;-3
antusias;-3
antusiasme;3
anu;-3
anugerah;3
anut;-3
anyar;4
anyir;-4
aparat;-3
aparatus;-3
apas;-3
apasih;-4
apatis;-5
apek;-4
apes;-5
apit;4
apiun;-3
apkir;-4
aplikasi;-4
aplikatif;2
apodal;0
apokrin;0
apokromatik;0
aposisional;1
apositif;1
apresiatif;2
apuh;0
arabika;2
arah;-4
arak;-2
aram;-3
aras;4
arau;-4
arbitrer;-5
arca;-3
argumen;-4
argumentatif;2
arif;3
arik;-3
aristokratis;0
arketipe;3
armada;-5
aromatik;2
aron;0
arsitektur;2
artetis;0
arti;3
artifisial;3
artikel;-4
artis;2
artistik;-2
aru;-5
aru aru;-4
arung;1
arus udara;-4
asa;-2
asah;-3
asah asih asuh;2
asak;-3
asam;-2
asan asan;-5
asasi;3
aseptik;1
asfal;-5
asid;-5
asih;-1
asik;4
asimilasi;-3
asimilatif;1
asin;0
asing;-4
asiri;0
asket;2
askriptif;0
asli;2
asmara;2
asmaradanta;0
asoi;2
asor;-5
asosiasi;-4
asosiatif;1
aspek;-3
aspiran;-5
aspirasi;2
aspiratif;2
asrama;3
asri;-3
assalamualaikum;3
astaga;-4
astagfirullah;-4
astagfirulloh;-4
astaghfirullah;-3
astral;1
asuh;-2
asumsi;-3
asusila;-5
aswad;-4
asyik;2
asyik asyik;1
ateistis;0
atensi;2
ati;-1
atmosferis;0
atom;3
atraktif;4
atresia;-3
atribut;-3
atributif;1
atuh;-1
atur;-4
atut;-2
aur;-3
aurat;-2
aus;-5
auta;-4
autarkis;0
autentik;3
autokton;0
autotrofik;0
avirulen;1
awa;-3
awaarang;0
awak;5
awan;-3
awan kelabu;-3
awas;-3
awat;5
awet;4
awi;-3
awur;-4
awut;-4
awut awut;-5
aya;3
ayahanda;1
ayal;-3
ayat;-4
ayem;2
ayit;1
ayun;-3
azab;-3
azali;2
azamat;4
azimat;-4
aziz;2
azmat;2
babak;-4
babar;3
babat;-4
babe;3
babi;-4
babi buta;-4
babil;-4
bablas;-5
babu;-5
bacar mulut;-4
bacok;-4
bacot;3
bad;-4
badai;-4
badan;-3
badani;0
badar;1
badmood;-4
badung;-4
bagak;2
bagal;-3
bagas;5
baginda;2
bagur;0
bagus;3
bahadur;2
bahaduri;4
bahagia;4
bahak;-2
bahala;-3
bahan;-4
bahana;-3
bahas;2
bahasa;-3
bahaya;-4
bahenol;1
bahlul;-5
bahtera;-3
baiat;-3
baid;0
bain;3
bait;-3
bajak;-5
bajik;4
bajing;-5
baju;2
bakar;-4
bakat;4
bakh;4
bakir;4
baksis;2
baktau;-5
bakti;4
baku;-3
bakup;0
bala;-5
bala bencana;-5
balai;-3
balairung;-3
balas;-3
balela;-4
balesnya;-2
balig;1
balkon;-3
balung;-4
balur;-4
balut;-3
bambu;-3
bambung;-3
ban;-4
banal;-3
banat;-4
bancang;-5
banci;-5
bancut;0
bandang;-4
bandar;-4
bandel;-5
banding;-3
bandit;-5
bando;-4
bandung;3
bangai;-3
bangan;-3
bangang;-3
bangbung;-4
bangga;3
bangir;2
bangkai;-4
bangkang;-4
bangkit;2
bangkit selera;3
bangkot;-4
bangkrut;-5
bangle;-4
bangsal;-3
bangsat;-5
bangsawan;2
bangun;-5
banjir;-4
bantah;-3
bantah bantah;5
bantai;-4
bantal;3
bantar;-4
banteng;-3
banter;1
bantet;-3
banting;1
bantu;3
bantuin;3
banyol;-3
bapa;1
bapanda;3
bapang;3
baper;-4
baperan;-4
bapet;-4
bara;2
baran;-5
barbar;-5
bareng;3
baret;-3
baring;2
barkas;-5
barua;-5
barut;-3
barzakh;-4
basah;0
basah basah;1
basi;-5
baskom;-4
basmi;-5
bastar;-2
batal;-3
batalion;-5
batang;-4
batas;3
batel;-4
baterai;-3
batil;-4
batu;2
batu dahak;-4
batu loncat;-3
batuk;-4
batuk batuk;-4
batuk darah;-4
batuk kering;-3
batuk lelah;-4
batung batung;-4
bau;-4
bau kencur;-4
bau tanah;-4
baung;0
bausuku;3
bawa;1
bawa berat;-3
bawain;-3
bawang;-5
bawat;-5
bawel;-4
baya;1
bayan;3
bayang;2
bayang bayang;3
bayangkara;3
bayar;1
bebal;-3
beban;-5
bebas;-4
bebat;-3
bebel;-5
beber;-4
bebodoran;2
becek;-4
becus;-4
beda;-2
beda beda;-3
bedah;-3
bedegap;1
bedegong;-4
bedel;-4
bedeng;-3
bedol;-4
begadang;-3
begah;-2
begak;-3
begal;-5
begana;-4
begandering;0
begu;-4
beguk;-4
begundal;-3
bejat;-5
bekah;0
bekal;3
bekam;-4
bekap;-3
bekas;4
bekat;0
bekicot;-4
belacak;0
belagu;4
belah;-5
belah ketupat;-4
belai;-4
belaka;-1
belam;-3
belang;-5
belanja;-3
belas;-3
belati;-4
belau;0
belel;0
belembang;-5
belendung;-3
belenggu;3
belengset;0
beleter;-4
beli;0
belia;-1
beliin;-1
belikan;-1
beling;-1
belingsat;-4
belinjo;-3
belis;-4
belit;-3
belit belit;-4
beliut;0
beloh;-5
belok;3
belongkot;0
beloon;-3
belot;-5
belu belai;-4
belukar;3
belulang;-3
belus;1
bembam;-4
benah hati;-3
benak;3
benak kepala;-3
benam;-5
benang;4
benang raja;4
bencana;-5
bencat;-5
benci;-5
bencong;-5
bendawi;0
bendel;-5
bendera;-3
benderang;-3
bendoro;-4
bendu;-4
bendung;-3
benefaktif;0
bengal;-4
bengang;0
bengap;-3
bengis;-5
bengkak;-4
bengkak hati;-3
bengkerap;-4
bengkok;-4
bengong;-1
bengok;-4
benguk;-2
bening;-4
benjut;-4
benta;-5
bentak;-5
bentan;-4
bentang;-3
bentok;-4
bentrok;5
bentuk;3
bentul;-3
bentur;1
benyot;-4
beol;-5
berahi;5
berak;-4
berak air;-4
beranang;-3
beranda;-3
berandal;-5
berang;-5
berangai;-5
berangan;-3
berangkal;-3
berangkat;-4
berangsang;-5
berani berani;1
beranta;-5
berantak;-4
berantas;-5
berat ekor;-4
berat hati;-4
berat kepala;-5
berat otak;-4
berat pinggul;-2
berat tangan;-4
berat telinga;-3
berat tulang;-4
bercak;-5
berdaya;-2
beredak;-5
berengsek;-5
beres;2
bergajul;-5
bergas;5
berhala;-4
beril;4
beringas;-4
berita;-1
berjubal;-3
berkah;4
berkat;1
bernas;-3
berogak ogak;-4
beron;-4
bersih;2
bersikukuh;-4
bersitegang;4
bersiteguh;1
berus;-4
beset;-4
besi tua;-4
besit;-2
beslah;-4
besot;-3
bestari;4
beta;-3
betapa;4
betas;-3
beti;1
betina;-2
beton;-2
better;2
betung;-3
biadab;-5
biadat;0
biak;-3
biang keladi;-4
bianglala;4
biarawati;-3
biarin;-3
biarpun;-3
bias;-2
biasin;-3
bicara;-3
bicu;-3
bidah;-3
bidai;-4
bidas;3
bidik;-2
biduanda;5
bienial;0
bijak;3
bijaksana;1
bijih;-3
bikin;3
bikonkaf;0
bikonveks;0
biksah;-5
bilas;1
bilateral;0
bilhak;3
bilik;-3
bilineal;0
bilingual;0
bimbang;-5
bimbing;3
bimbit;3
binasa;-5
bincang;2
bineka;3
binen;3
biner;0
bingit;-5
bingkas;3
bingkis;4
bingung;-2
bintulbahar;0
biogenik;0
biologis;0
bir;-5
birah;-3
biring;0
birokrat;-3
birthday;4
biru;0
biru biru;0
bisain;-2
bisik;-2
bismillah;4
bisnis;3
bison;-3
bisu;1
bisul;-4
biut;-5
biverbal;0
bjir;-3
blangko;-3
blaster;-3
blirik;0
blobor;-3
block;-4
blokir;-3
bloon;-3
blur;-4
bobol;-5
bobot;2
bobrok;-4
bobroq;-4
bocor;-4
bodo;-5
bodoamat;-4
bodoh;-3
bogem;-5
bogem mentah;-5
bogum;-3
bohong;-4
bokek;-5
bokep;-5
boker;-3
boksen;-5
bolak;0
bolong;-3
bolos;-3
bolsak;-4
bom;-1
bombastis;-3
bonafide;2
bonceng;-3
bondong;-4
bondong bondong;-3
bondot;-5
bongak;-5
bonggol;-4
bongkah;-2
bongkak;-3
bongkar;-3
bongkar bangkir;-5
bongkong;-3
bongok;-3
bongsor;-2
bontot;0
bonus;4
bonyok;5
booking;2
bopong;1
borak;-4
boro;-2
borok;-5
borong;2
boros;-5
bos;3
bosan;-3
bosman;-4
bosun;-4
boto;2
boyak;-5
brengsek;-5
brilian;2
brokat;-4
broker;-3
bromocorah;-5
brutal;-5
bruto;-3
buah;-3
buah bibir;-2
buah dada;-3
buah hati;-3
buah simalakama;-3
buai;3
bual;-4
buang;-3
buang air;-5
buang buang air;-5
buang hajat;-5
buang nyawa;-5
buari;-4
buas;-5
bubar;-2
bubuh;4
bubuk;-5
bucu;-3
budak;4
budaya;-5
budek;-3
budi pekerti;3
budiman;4
bufer;-3
bugar;2
buhuk;-4
bujang;4
bujuk;-3
buka;0
buka mata;-3
bukat;-4
bukti;3
bulang;3
bulat;0
buletin;-3
bulevar;-4
bully;-5
bulsak;-4
buluh;-3
bulus;-5
bumbu;5
bumbung;3
bumi;-3
bumiah;0
buncah;-4
buncit;-3
bunda;-5
bundak;-3
bundel;-5
bunduk;-3
bunga;3
bunga hati;-3
bungkam;-4
bungkus;-3
bungsu;-3
buni;-5
bunian;-4
buntang;-4
buntar;0
buntet;-2
bunting;-3
buntu;-3
buntung;-5
buntut;1
bunuh;-5
bunyi;2
burai;-5
buram;-3
buras;-4
buru;1
buru buru;1
buruk;-5
busana;2
busuk;-5
busut;-4
buta;-3
buta hati;-4
butek;-3
butuh;-5
butut;-5
buyung;4
buyut;-3
bye;-3
caba;-4
cabang;-4
cabar;-4
cabau;-4
cabe;-2
cabik;-3
cabuh;-3
cabul;-5
cacat;-5
cacau;-5
caci;-5
caci maki;-5
cacing;-4
cacing es;-4
cacing gelang gelang;-4
cacing gila;-4
cacing gilig;-4
cacing ginjal;-4
cacing hati;-2
cacing hitadid;-4
cacing jantung;-4
cacing kalung;-4
cacing karawit;-3
cacing kentar;-4
cacing keremi;-4
cacing palolo;-4
cacing pipih;-4
cacing pita;-4
cacing rambut kuda;-4
cacing tambang;-2
cacing tanah;-4
cadang;-5
cadas;-3
caem;2
cagar;-3
cagil;-4
cagun;-3
cahari;-3
cahaya;4
caing;-3
cair;-1
cakap;5
cakap angin;-4
cakar;-4
cakar cakar;-4
cakus;-4
calar;-3
calit;-3
campak;-4
campin;1
camping;-3
campur;5
campur aduk;-2
camuk;-4
canda;-3
candal;-5
candala;-5
candang;2
candramawa;0
candrasa;3
candu;-3
canggih;2
canggung;-4
cangkul;-4
cangkum;-3
cantas;2
cantik;2
cantol;-3
cantrik;-3
cantum;4
capai;4
capak;-4
capit;-3
caplak;-4
caplok;-3
carak;-3
caran;-4
care;2
cari;-2
cari akal;3
cari ilmu;4
cari jalan;3
cariin;-2
carik;-5
caruk;-4
carut;-5
cash;2
cat;4
catak;-4
cakep;5
catat;3
catu;4
catur;-3
catut;-3
cawis;2
cebak;3
cebik;-3
cebur;-5
cecah;-3
cecak;-3
cecap;-5
cecer;-3
cecunguk;-5
cedayam;2
cedera;-4
cedih;-3
cedok;3
cegah;-5
cegak;1
cegar;4
cegat;-3
cekah;-4
cekak;-3
cekam;-4
cekang;-3
cekat;-4
cekau;-2
cekcok;-4
cekel;4
ceker;-3
cekik;-4
cekit;-4
cekluk;-4
cekok;-3
ceku;-5
cekuh;-3
cekuk;0
cekung;0
cela;-5
celah;-3
celaka;-5
celampak;-3
celemotan;-4
celengan;3
celetuk;-5
celi;2
celih;-4
celomes;-4
celomok;-4
celonok;-3
celopar;-4
celoteh;-4
celuk;-3
celus;1
cema;-5
cemar;-4
cemas;4
cemat;-5
cemberut;-4
cembung;-3
cemburu;-5
cemeeh;-4
cemeh;-4
cemerlang;4
cemeti dewa;-2
cemomot;-4
cemong;-4
cemooh;-5
cempala mulut;-5
cempek;-4
cempelung;-5
cempeng;-4
cempera;-5
cempiang;3
cemplung;1
cempung;-4
cemuas;-4
cena;-3
cenangkas;3
cencala;-5
cendala;-5
cendekia;-4
cendera;4
cendera mata;4
cenderung;-2
cengang;1
cengang cengang;-3
cengeng;-4
cengger;-3
cengkam;-4
cengkau;3
cengkedi;-4
cengkek;0
cengkelong;-5
cengkeram;-5
cengkerama;-2
cengki;1
cengli;1
cengung;-3
centang;-5
centil;5
cenung;1
cepat;2
ceples;0
cepol;-4
cerabah;-5
cerabih;-4
ceracam;-4
ceracau;-4
cerah;-3
cerai;-4
cerai berai;-5
cerap;3
cerat;-3
cerbak;1
cerca;-5
cercah;2
cerdas;2
cerdik;2
cerewet;-5
cergas;2
ceri;4
ceria;4
cerita;3
cerita anak;2
cerita burung;-5
cerita khayal;-2
cerita reka;-4
ceriwis;-4
cerkau;-4
cermat;2
cermin;3
cerna;3
ceroboh;-5
ceronggah;-4
ceruk;-3
cerup;-3
cespleng;1
cetak;-5
cetek;-3
cetera;-4
cetus;-1
challenge;2
check;1
childish;-2
cibir;-5
cicik;-4
cicip;3
cikun;-5
cikun cikun;-5
cincong;-4
cindur mata;4
cingangah;-4
cinta;-1
cinta kasih;-1
cintrong;2
ciplak;-3
cipta;3
cirit;-5
cita;3
citra;2
cium;-3
cium tanah;-5
cium telapak kaki;1
ciut;-3
ciyeee;1
claim;-3
classy;-2
close;-2
closed;-3
coba;-1
coblos;-3
cocok;2
barangkali;-2
cocor;-3
coffee;2
cokelat;0
cokol;4
colak caling;-5
colek api;-4
coleng;-4
colok;2
colong;-5
comberan;-4
comblang;-5
comeback;-2
comel;4
comot;-4
compeng;-4
compes;-4
condong;-5
congek;-3
congkak;-3
congkel;-4
congor;-3
congrats;3
conteng;-3
contoh;4
cool;2
copet;-5
coplok;-3
copot;1
corak;-3
coreng;-4
coreng moreng;-4
corengmoreng;-4
coret;-1
cotok;-3
couple;2
cover;3
crash;-4
cry;-3
cuai;-4
cuak;-4
cuat;2
cubit;-3
cublik;4
cuca;-5
cucok;-1
cucu adam;3
cucuk;-3
cucup;-3
cucur;-5
cucut;-3
cuek;1
cuekin;-3
cuka belanda;-5
cuka jawa;-5
cukur;-4
cumbu;-4
cumbu cumbu;-3
cumil;4
cunam;-3
cungkil;-4
cupet;-5
cupul;-5
cura;-4
curang;-5
curat;-1
curcol;-3
curhat;-3
curi;-5
curiah;2
curiga;1
curna;-5
curu;-3
cute;-1
cutel;-4
cuti;3
dabih;-3
dadah;-4
dadak;3
daftar;0
dagang;3
dagel;3
daging;1
dahiat;-5
dahsyat;-5
daif;-3
daim;2
daing;-4
dajal;-5
dakaik;3
dakap;-3
daki;-4
dakik;0
dakwa;3
dalal;-3
dalalah;-5
dalang;3
dalih;-4
dalil;-3
dam;-3
damai;-3
damar;4
damba;3
dampak;-3
dampar;-5
damping;1
damprat;-4
dana;4
dandan;4
dangkal;1
dangkap;-3
dangkar;-4
dangkung;-3
dansa;3
danyang;-4
dapra;-3
darah dingin;-4
daras;-5
darat;-3
darurat;-4
dasar;-4
data;3
datar;0
datuk;-4
dauk;0
daulat;4
daun;4
daya;4
daya cipta;4
daya gabung;4
daya muat;-2
daya pikir;-2
daya serap;-2
daya tahan;5
daya tampung;-2
daya upaya;-4
dear;2
death;-3
debar;-4
debat;3
debil;-5
debu;-3
debuk;3
debus;1
dedah;-4
dedak;-3
dede;1
dedemit;-4
dedengkot;3
dedikasi;-3
dedikatif;1
deduksi;3
deduktif;1
defekasi;-5
defensif;1
definisi;3
definit;2
definitif;1
defisien;1
defisit;-3
degap;3
degil;-5
degub;-3
dekaden;-5
dekadensi;-5
dekap;-2
dekil;-5
deklarasi;-3
dekorasi;5
dekoratif;2
dekus;-3
delay;-3
delegasi;-4
delete;-3
deltoid;0
delusi;3
demagogis;0
demek;-4
demes;1
demo;-3
demografis;1
demokratis;1
demon;-3
demonstrasi;-4
demonstratif;1
dempang;0
dempet;-3
denai;-4
denda;3
dendam;-5
dendam berahi;-4
dendang;4
dendeng;-4
dengar;-3
dengar;3
dengerin;3
dengki;-5
dengkik;-4
dengkul;-3
dengkur;-3
dengu;-3
dengung;-3
dengus;-3
dengut;-3
dentat;0
denyut;-3
depak;-3
dependen;3
deposito;3
depresi;-4
dera;1
derai;3
derajat;4
deras;1
derau;3
derek;-5
deriji;-4
dering;-3
derita;-5
derivatif;0
derma;3
deru;-3
derum;-4
desa;4
desah;-3
desain;4
desak;1
desas desus;-5
desau;-3
desersi;-3
desir;-2
deskripsi;-4
despotik;0
destar;-4
detail;1
detak;-3
deteksi;3
detektif;-3
determinasi;3
dewan;-3
dewana;3
dewasa;2
diajarin;-3
diakronis;0
dialektal;0
dialog;1
diam;-3
diametral;0
diamond;3
diancurin;-3
diapain;-3
diare;-4
diatonik;0
dibales;-3
dibasa;0
dibeliin;-1
diblock;-4
dibully;-5
dicuekin;1
didaktis;2
didih;-3
didik;3
didis;-4
diduain;-3
die;-4
diet;-3
diferensial;1
digdaya;4
diginiin;-3
digital;1
digituin;-2
digresi;-4
dihedral;0
dihidroksil;0
dikangenin;-2
dikara;3
dikatain;-3
diketawain;-4
dikte;3
dilema;-3
diliatin;-3
dilupain;-4
dimarahin;-5
diminutif;0
dina;-5
dinamik;1
dinamika;3
dinamis;1
dinasti;-3
dinding;-5
dingin;4
dinistain;-4
dipamerin;-3
diploid;0
diplomasi;-5
diplomatis;1
direk;1
direksi;-3
direktur;3
dirgahayu;2
disalahin;-3
disentri;-5
disilabik;0
disimilaritas;-4
disiplin;4
diskaun;3
diskoid;0
diskon;2
diskontinu;0
diskredit;-4
diskrepansi;-3
diskursif;1
disparitas;-4
dispensasi;3
distingsi;-4
distingtif;4
distorsi;-4
distribusi;3
ditidurin;-4
diva;2
divergensi;-4
doa;4
doain;2
dobel;1
dobrak;-4
dodor;3
dogma;-3
dogmatis;2
dogol;-5
doh;-4
doi;-3
dok;4
doktrin;-3
dol;3
domba;-3
domestik;1
dominan;2
dominasi;3
domot;-5
dompleng;-3
dompol;-4
donatur;3
dondon;0
dongeng;-1
dongkel;-3
dongkol;-4
dongkrak;-3
dongok;-5
donor;1
darah;1
dorong;-4
dosa;-4
down;-3
drama;-4
drama duka;-4
drama ria;3
dramatik;0
dramatis;0
drastis;4
draw;-3
drop;-3
drum;2
duaja;-3
duduk perut;-3
duel;-4
duet;-2
duga;-1
dugal;-5
dugdeng;1
duh;-4
duit;4
duka;-5
dukacarita;-4
dukacita;-3
dukun;-3
dukung;4
duli;4
duluan;-2
dum;-3
dungas;-3
dungkul;-4
dungu;-5
dunia;1
dupleks;-3
duplo;0
dura;-3
duratif;0
durhaka;-5
duri;-4
durjana;-5
durkarsa;-5
dursila;-5
dusin;4
dusta;-4
duyun duyun;-3
dwiganda;-3
dwiguna;1
dzuhur;1
eaa;1
eban;-4
ecer;-2
eco;5
edan;-3
edar;2
edentat;0
edukatif;2
eek;-5
efek;3
efektif;3
efisien;2
egalitarian;0
egaliter;1
ego;-3
egois;-5
egresif;0
eidetik;0
eja;3
ejakulasi;-3
ejawantah;-3
ejek;-4
ejektif;0
eka;3
ekang;-4
ekdemik;0
eklektis;-3
ekofraksia;-5
ekologis;0
ekonomis;2
ekor;-3
eksak;1
eksemplar;3
ekshibisi;-3
eksklusif;2
ekskursif;0
eksoergik;0
eksotermik;0
eksotik;1
eksotis;1
eksperimental;1
ekspirasi;-3
eksplisit;3
eksplorasi;4
eksploratif;1
eksponensial;1
ekspos;-4
ekspres;3
ekspresif;2
ekspresionistik;2
ekstasi;-3
ekstensif;3
ekstern;1
eksternal;1
ekstra;3
ekstraktif;1
ekstrakurikuler;1
ekstralinguistis;1
ekstraparlementer;0
ekstraseluler;0
ekstrem;2
ekstremis;3
ekstrinsik;1
ektotermik;1
ekumenis;2
elak;-4
elastis;2
elegan;4
elektris;0
elektromotif;3
elektronegatif;0
elektronis;0
elementer;0
eliptis;0
elite;5
elitis;0
elok;3
elu;-2
elus;-3
elusif;-2
embah;-3
embal;-4
embarau;-3
embat;-5
embek;-3
embel embel;5
embrionik;0
embus;-4
emergensi;-4
eminen;1
emir;4
emmm;-2
emong;3
emosi;3
empal;-4
empang;-5
empap;-3
empas;-3
empedal;-5
emper;-3
empiris;1
empos;-3
empot empot;-5
empuk;-4
enak;2
enap;1
enas;-5
encang;-3
encer;1
encok;-5
endemi;-5
endogen;0
endosentris;0
endotermal;0
endotermis;0
endus;-3
endut endut;3
enek;-4
eneng;5
energetik;2
energi;3
energik;5
engah;1
enggan;-5
engkah;0
engkau;-4
enjak;-3
enjoy;3
enom;1
ensiform;0
ensiklopedis;2
entak;-3
enteng;-2
entitas;1
enyah;-4
epidemi;-5
epigon;-3
episiklik;0
episkopal;1
episodik;1
epizoik;0
epizootik;0
erang;1
erat;2
erik;-3
eror;-4
erot;-4
erotis;-4
eroton;-4
error;-5
erti;-2
es;-3
esa;3
esai;2
esak;-3
esensial;2
esok;1
esoteris;1
estetik;4
estetis;4
etimologis;1
etis;2
etnis;1
etnografis;0
etnologis;0
eufemistis;0
eurihalin;0
eusinantropus;0
eutektik;0
evaluatif;2
eviden;3
evolusioner;1
ex;-1
excited;-1
exp;-2
faal;4
fadihat;-5
fadil;3
faedah;-1
fail;-5
fair;3
fakir;-5
fakta;-3
faktitius;3
faktor;-4
faktual;3
fakultatif;1
falsafi;1
familiar;2
familier;1
fanbase;3
fans;2
fantasi;3
fantastis;2
fantasy;2
farak;-3
farik;0
faring;-5
farmakologis;0
fasid;-5
fasih;2
fatal;-5
fatamorgana;3
fatanah;3
fatwa;-3
faunistik;0
favorit;5
favorite;4
federal;0
federalistis;0
federasi;3
feral;0
feromagnetik;0
fertil;0
feses;-5
fibrokistik;0
fiesta;3
figur;3
figuratif;1
fiksi;-2
filantropi;2
filantropis;2
filatelik;0
filial;2
filmis;1
filo;-3
filosofis;2
filsafat;3
final;3
finansial;1
fine;3
firasat;-4
firdausi;2
fisibel;2
fisik;0
fiskal;-3
fit;2
fitnah;-4
fitrah;3
fitri;2
flu;-3
fluoresen;0
fokus;-2
folder;-5
follback;1
fondasi;-3
fonemis;0
fonis;0
fonologis;0
formal;-3
formasi;3
forum;2
fosil;-4
foto;3
fototropis;0
fragmentaris;0
free;3
frekuen;1
fresh;-2
friends;3
friksi;-5
frustasi;-3
fulan;-3
fulanah;1
fundamental;1
fundamentalistis;1
fungsionaris;-3
fusi;4
futuristik;1
gaakan;-2
gabaik;-3
gabakal;-2
gabal;-5
gabas;-5
gaberani;-1
gabuk;-4
gabung;2
gabutuh;-3
gadai;-3
gadang;-4
gado gado;-4
gaduh;-4
gaet;-5
gafur;0
gagah;5
gagal;-3
gagang;-5
gagap;-5
gagar;-3
gagu;-3
gahari;1
gaib;-5
gairah;3
gajak;4
gaje;-3
gajih;-2
galaba;-5
galak;-4
galau;-2
galak panas;-3
galas;-4
gali;-3
gali gali;-4
gali ilmu;4
galvanis;0
gam;-3
gamak;-4
gamam;-4
gamang;-3
gamat;4
gambar;2
gambir;3
gamblang;3
game;2
gamit;-3
gamopetal;0
gampang;4
gamungkin;-3
ganar;-4
ganas;-5
ganas cabul;-4
ganda;-3
gandem;2
ganduh;-3
gang;-4
gangerti;-3
ganggang;-3
ganggu;-4
ganggu jiwa;-4
gangguin;-3
gangsar;4
gani;4
ganih;0
ganjal;-3
ganjar;-3
ganjar balas;1
ganjat;0
ganjil;-4
ganteng;4
ganti;-3
gantung;3
ganyang;1
gapah;5
gapaham;-4
gapai;3
gapil mulut;-4
gapuk;-3
gapura;-4
gara;-4
gara gara;-5
garang;-4
garda;3
gari;3
garib;-4
garing;5
garis;2
garit;-3
garong;-5
garu;-4
garuk;-3
garwa ampil;-5
gas;-4
gasak;-5
gasal;0
gastroenterologi;-5
gastrointestinal;0
gatal;-3
gatra;3
gaul;-3
gaung;-3
gausa;-3
gawat;-5
gayeng;2
gayung;-4
gbs;-2
gebang;-4
gebeng;0
gebetan;-2
geblek;-5
gebok;-3
gebos;-5
gebung;-5
gebyar;4
gebyar gebyar;1
gecer;0
gedang;-4
gede;2
gedembai;-4
gedembal;2
gedor;-4
gegabah;-5
gegadan;2
gegap;2
gegar;-3
gegara;-3
geger;4
gegetun;-4
gejolak;-3
gel;-3
gela;-3
gelabur;-5
geladah;-3
geladak;0
geladir;-5
gelagap;-2
gelagat;1
gelak;2
gelanggang;2
gelantung;-4
gelap;-4
gelar;2
gelatak;-4
gelebah;-2
gelecik;-4
geledah;-3
geledek;-2
gelegak;-3
geleng;-3
geleng geleng;4
geleser;1
gelesot;1
geletar;-4
geletik;-3
geli;-2
geliat;-3
gelibat;-2
gelicik;-3
geligi;-4
geligis;-4
gelincir;-3
gelingsir;-3
gelinjang;-3
gelintin;0
gelisah;-5
gelo;-2
gelogok;-3
gelongsor;-4
gelopak;-4
gelora;2
geluduk;-3
geluncur;-3
gelung;-3
gelup;-4
gelut;-4
gema;1
gemal;-5
gemap;-3
gemar;5
gemas;1
gemaung;-3
gemawan;0
gembil;-4
gembira;-3
gemblung;-3
gembol;-4
gembrot;-3
gembul;-3
gembung;-3
gembur;5
gembur lambuk;3
gemebyar;1
gemeletek;-4
gemes;-2
gemetar;-3
gemi;3
gemilap;2
geming;2
gemirang;4
gempa;4
gempa bumi;4
gempal;-2
gempar;4
gempil;-4
gempita;-5
gempur;-4
gemuk;-3
gemuruh;-3
genah;-5
genang;-2
genap;1
gencar;2
gencat;0
gencet;-5
gendak;-5
gendeng;-2
gending;1
gendut;-3
geneng;1
generasi;-3
generatif;1
generik;0
genetis;0
genggam;0
gengsi;4
genial;2
genit;5
genital;0
genitalia;-3
genitif;1
genius;3
genjah;2
genjang;-4
gentar;-4
gentas;3
geologis;0
geometris;0
geostasioner;0
gepeng;0
gepok;2
gera;4
gerah;-5
gerak gerik;4
gerak hati;4
gerak laku;1
geramus;-4
gerebek;-3
gerecok;-4
gereget;-4
gerenyot;-4
gerepes;-4
geret;-3
gergaji;-1
gerha;3
gerhana;-2
geriap;-4
gerigi;0
gerimis;1
gering;-5
gering hulu;-4
gerinjam;-4
gerlap;1
gerlip;1
germinal;0
germo;-5
gerobak;-4
gerombol;-4
gerombol kawan;-4
gerombong;-4
gersang;-3
gertak;-5
geruh;-4
gesek;-3
gesel;-3
geser;-5
gesit;2
get wel soon;2
getap;-4
getar;1
getas;5
getir;-4
getol;2
getun;-4
geulis;2
giang;-3
giat;-4
gibah;-3
gidik;-4
gigi;3
gigih;-4
gigil;3
gigis;-4
gigit;-2
gila;3
gila gila;-4
gilang;2
gilap;2
gilas;-4
gili gili;-3
gilir;3
ginding;2
gingsir;-3
gingsul;1
giniin;-2
girang;3
girang ceria;4
girang lega;4
girik;3
girik girik;3
gita;2
giwang;-1
gjd;-3
global;0
globe;1
gobar hati;-2
gobek;3
goblok;-5
goda;-3
godain;-3
gogrok;-3
gohong;-3
gol;3
golak;-5
golek;-1
golong;4
gombal;2
gombong;-3
gombrang;3
gombroh;3
gombrong;3
goncang;-3
gondok;-4
gondol;-5
gone;-2
gonggong;-3
gonggong anjing;-3
gonjak;-5
gontai;1
gontok;-4
good;5
goodbye;-3
gorek api;-4
goreng;-2
gores;1
gorong gorong;-4
gosah;-3
gosip;-5
gosok;-3
got;-3
goyah;-4
goyah gerak;-4
goyang;-4
grahita;3
gramatikal;1
gratak;0
gratifikasi;2
gratis;2
great;3
grecok;-4
gres;4
grip;-4
griya;-1
grogi;-4
grup;-4
guam;-4
guar;3
gubah;3
gubris;3
gubuk;-2
gudi;4
gugah;-1
gugat;-4
guguk;-5
gugup;-5
gugur;-3
gugus;-4
gulana;-4
gulat;-4
guling;-3
gulir;-3
gulung;-4
gulung tikar;-5
gulut;0
gulut gulut;0
gumam;-3
gumul;-4
guncang;-5
gundah;-5
gundal;-3
gundang;-5
gundik;-2
gundu;-4
gunduk;-3
gunjing;-5
guntang guntang;3
gunting;-3
guntur;-3
gunung;-3
guram;-2
gurau;-4
gurau senda;-4
gurih;1
guru;3
gurub;-5
gurufavorit;3
guruh;2
gurun;-3
gusar;-3
gusti;4
gusur;-5
gutuk;4
guyon;-4
guyub;-3
habis;-3
habis akal;-5
habitat;-2
habituasi;1
habluk;0
hack;-4
hadang;-5
hadiah;4
hadir;2
hadirin;-3
haih;-4
hajar;-5
hajat;2
hakam;-3
hakiki;-4
hakimah;4
hala balai;-4
halah;-5
halang;3
halilintar;-3
hallo;4
halo;1
haloo;3
halus;0
hama;-3
hamba allah;3
hambar;-3
hambat;-4
hambur;-5
hamik;-3
hamil;-5
hampa;-5
hampar;3
hamster;-3
hamun;-5
hana;0
hancai;-5
hancur;-4
hancur lebur;-5
handai;-4
handai handai;-3
hangat;1
hangit;-5
hangus;-3
hantam;-3
hantam kromo;-4
hantar;-5
hantu;3
hanyut;-4
happy;5
hapus;-3
haram;-3
harap;3
harap harap;-5
harap harap cemas;-3
hardik;-5
harfiah;1
harga;1
harkat;5
harmonis;-1
harmonisasi;3
harmonisasiuniv;2
harta;4
haru;-4
haru biru;-5
harum;5
hasad;2
hasai;0
hasan;3
hasil;3
hasrat;3
hastag;1
hasud;-5
hasut;-4
hate;-5
haters;-5
hati;3
hati hati;3
hati walang;-3
haul;0
hawa;-4
hawar;-5
hay;1
hayat;-2
hayati;0
hayo;4
hayoloh;-3
heban;4
hebat;2
heboh;-3
hebring;3
hegemonik;1
helat;-4
hello;2
helloo;1
hellooo;2
help;2
hemat;-3
hembalang;-3
hembus;-3
hempas;-4
hengkang;-4
hening;-4
henti;-3
henti tugas;-2
henyak;-4
heran;-3
herbal;2
hermetis;0
heroik;2
heterofil;0
heterosiklis;0
heula;-2
hewani;0
hias;3
hiatus;-2
hibah;4
hibridis;0
hidang;2
hidraulis;0
hidrostatis;0
hidrotermal;0
hidu;-1
hidung;-5
hidup;2
higienis;2
hikayat;3
hikmah;2
hikmat;3
hilaf;-4
hilang;-3
hilang akal;-5
hilang arwah;-4
hilang hayat;-4
hilang nyawa;-5
hilang pikir;-4
hilang semangat;-4
hilir;4
hilofagus;0
himpit;-4
himpun;3
hina;4
hina aib;-4
hina caci;-5
hina lanyak;-5
hina rendah;-3
hinap hinap;-3
hindar;-4
hingar;2
hinggap;-3
hinggut;-3
hiperbarik;0
hipotesis;-3
hipotetis;3
hipotiroid;0
hirap;-3
hiruk;4
hiruk pikuk;-3
hirup;-3
hisap;-3
histeria;-5
histeris;-4
historis;1
hit;1
hitam;-4
hitam putih;0
hitung;1
hoax;-5
hoki;3
holistis;0
holografis;0
holozoik;0
hominoid;0
homogen;0
homoterm;0
honorifik;0
hop;-5
horizontal;0
hormat;5
horor;-5
hostel;1
hot;-4
hotel;1
hubung;1
hubung singkat;-4
huda;-3
huhuhu;-2
huhuu;-4
hujah;-4
hujan;1
hujan gerimis;1
hujan ringan;2
hujat;-4
hujung;-3
hukum;4
hulu;-3
hulubalang;3
huma;-4
humanistis;1
humoristis;1
huni;3
hunjam;-3
hutan;3
hutang;-5
ibadah;4
ibadat;4
iblis;-4
idam;-2
idap;-5
ideal;2
idealistis;2
identik;1
ideologis;1
idih;-3
idiil;1
idiosinkratis;4
idiot;-5
idola;-3
iflix;1
ifrit;-4
igau;-3
igau igau;1
ihsan;4
ihwal;-4
iih;-5
ijab;-4
ijtihad;3
ijtimaiah;1
ikan kena tuba;-4
ikat;1
ikat janji;-4
ikat rambut;-4
ikhlas;2
ikhtiar;3
ikhtiari;1
ikhtisar;-3
iktifak;4
iktikad;2
ilat;-5
iler;3
ilmiah;2
ilmu;4
iluminasi;-3
ilusi;3
ilustratif;1
image;-2
imaji;3
imajinatif;1
imam;1
iman;-3
imbal;-3
imbang;1
imbas;-4
imbesil;-5
imbuh;4
iming iming;-3
imitasi;3
imla;1
impas;-3
imperial;0
impersonal;0
impi;3
implementasi;-4
implikasi;-3
implisit;1
import;2
impoten;-5
impresif;2
impresionistik;0
impulsif;1
imun;1
inap;2
muter;-1
flop;-5
inap jenazah;-3
inaugurasi;-3
inayat;4
incang incut;-4
incess;-3
incit;-4
indah;-2
indah ambang;4
indehoi;-3
indikasi;2
indikatif;1
individual;4
indo;-3
indolen;-4
indolensi;-4
indranila;0
indriawi;0
induk semang;-4
induktif;0
indusemen;-3
inersia;-4
infak;4
infeksi;0
inferensi;3
inferensial;1
inferior;-4
inferioritas;-5
infinit;3
influensa;-3
informal;0
informatif;2
inga;-4
ingar;-5
ingkar;-4
ingsar;-3
ingsut;-3
inheren;1
inhibisi;-4
inisiator;3
injak;-3
injek;-3
injeksi;-3
inkarnasi;-1
inklinasi;-3
inklusif;1
inkorporasi;3
inovasi;4
inovatif;2
insaf;3
insane;-4
insentif;-3
insiden;-4
insinuasi;-4
insinye;4
inspirasi;-3
instansi;-3
instingtif;3
instruksi;-3
instruksional;1
instrumental;0
insuler;0
insyaallah;2
intai;-3
intan;3
integrasi;3
intelek;2
intelektual;3
inteligen;-4
intens;2
intensi;3
intensif;2
intensional;1
interaksi;-2
interaktif;1
interdisipliner;1
interes;4
interferensi;2
interinsuler;0
interlokusi;-3
internal;0
interpretasi;3
interpretatif;1
intertestial;0
interupsi;-5
intiha;-3
intim;2
intimidasi;-5
intrakalimat;-5
intramolekul;0
intramuskuler;0
intravaskuler;0
intrik;-3
intrinsik;-4
intuitif;3
invalid;-5
inventif;4
inventivitas;4
inventori;-3
invitasi;2
invite;1
ionisasi;0
ira;-3
irama;4
iri;-4
iri hati;-5
irik;-3
iring;-4
iring iring;-4
iris;-5
irit;2
iritasi;1
irsyad;-3
isak;-5
isap jempol;-3
isbat;3
iseng;-3
ish;-4
isi;2
isi perut;3
islam;4
islami;2
islamiah;2
isobarik;0
isolasi;-3
isolatif;0
isometrik;0
isopiestik;0
isotermal;0
isotop;-3
istan;-5
istimaiah;1
istimewa;-3
istirahat;3
isu;-1
isytiak;2
itifak;4
itihad;3
iyak;-2
iyasih;-2
izin;3
jaat;-3
jabang bayi;-3
jabar;3
jabat;-3
jabrik;1
jadah;3
jadul;-3
jaga;3
jaga jaga;-3
jago;3
jahad;-4
jahanam;-5
jahat;-4
jahatin;-3
jahil;4
jahit;-5
jail;-4
jajah;3
jajak;3
jajal;-4
jajar genjang;-4
jala;3
jalal;2
jalan;2
jalan arteri;-4
jalan bebas hambat;2
jalan bentar;-4
jalan buka;3
jalan buntu;-4
jalan jejer;-4
jalan layang;-4
jalan lingkar;-4
jalan protokol;-4
jalan raya;-4
jalan setapak;-4
jalan tikus;-4
jalan tol;-4
jalang;-4
jalanin;2
jalar;-3
jali;2
jalu;-4
jalur;-4
jamah;-5
jaman;-2
jambak;-5
jambret;-5
jamhur;3
jamiah;1
jamik;3
jamil;2
jamin;-5
jangann;-3
janggal;-4
jangka;3
jangkang;-5
jangkit;-5
jantan;5
jantung hati;-3
jarah;-4
jarak;-3
jaran;-3
jaras;-5
jari;-4
jariji;-4
jaring;3
jarum;-5
jasa;4
jasmaniah;1
jaswadi;3
jatah;-1
jatmika;2
jatohnya;-1
jatuh;-3
jauhin;-3
jawara;3
jawat;-3
jaya;2
jealous;-3
jebab;0
jebak;3
jebeh;-5
jeblok;-5
jeblos;1
jebol;-3
jebur;-5
jedot;-4
jejak;-4
jejal;-3
jejal jejal;-3
jejap;-4
jejas;-5
jelabak;-3
jelajah;3
jelak;3
jelang;3
jelata;-5
jelek;-5
jelek jelek;-4
jeli;-3
jelingah;-3
jelita;2
jelma;-3
jelu;-3
jelus;-2
jemari;-4
jembalang;-4
jembar;1
jembatan;-4
jembel;-5
jempol;4
jemu;-3
jenak;1
jenaka;-3
jenang;4
jenazah;-4
jendala;-5
jendera;-4
jenewer;-4
jengkang;-5
jengkel;-4
jenguk;-4
jenis jenis;3
jenjang;1
jentaka;-5
jentelmen;3
jepit;-4
jepit leher;-4
jeput;-3
jera;-3
jeramah;-4
jeran;-3
jerat;-3
jerau;0
jeraus;2
jerawat;-3
jereket;-3
jerepet;-3
jeri;-3
jeriji;-4
jeringing;-4
jerit;-3
jerkah;-5
jernih;-3
jernih suasana;1
jerohok;-4
jerum;-4
jerumus;-4
jiawang;5
jibilah;4
jibun;1
jidur;3
jigong;-4
jigrah;2
jihad;-3
jihat;-4
jiji;-4
jijik;-5
jilat;-3
jilat jilat;-2
jilbab;3
jilid;-5
jin;-3
jiplak;-3
jir;-3
jitu;2
jiwa;3
jobak;-3
jodoh;-3
jolak;-3
joli;1
jolok;-3
jolong;1
jomblo;-3
jompo;-3
jones;-3
jongkok;-5
jorok;-5
jorong;-3
jotos;-5
jreng;3
juak;1
juak juak;5
jual;0
jual;1
jual cepat;0
jual murah;0
juang;3
judes;-4
judul;2
juih;0
jujai;1
jujur;-1
julat;3
jumat;2
jumbai;1
jumbuh;2
jumpa;-4
jumpa muka;3
junam;-4
jungkal;1
junior;-4
junjung;-2
juntai;1
juragan;-4
jurik;-4
juru;3
juru damai;-3
juta;2
jutek;-5
jutekin;-5
juvenil;1
juwita;-4
juz;-4
kabar;2
kabar angin;-3
kabar burung;-5
kabeh;-2
kabil;-4
kabin;-3
kabinet;-3
kabir;1
kabul;-3
kabung;1
kabur;-2
kabut;-3
kaca;4
kacang;-4
kacang botor;-3
kacau;-4
kacek;-4
kaci;4
kacip;-3
kacrek;-3
kacuk;-4
kada;-3
kadam;-3
kadang;3
kadang kadang;3
kadar;5
kadir;2
kado;2
kafaah;2
kafe;-4
kafetaria;-4
kafi;2
kafilah;-4
kaget;3
kagum;3
kaidah;-4
kaing kaing;2
kaisar;4
kait;1
kaji;4
kakap;4
kakas;-3
kalah;-4
kalang kabut;-4
kalang tanah;-2
kalap;-3
kalas;0
kalem;1
kali;3
kaligrafis;1
kalimantang;-3
kalimat;-3
kalis;4
kalong;3
kalor;-4
kalut;-3
kamariah;0
kambing;-3
kambuh;-4
kamil;3
kampanye;3
kampit;-1
kampret;-5
kampung;-5
kanaah;2
kancap;1
kandas;-5
kandis;4
kandung;-3
kandut;-3
kangen;2
kanjal;0
kanjang;4
kanjeng sultan;4
kanji;-3
kanonis;2
kantong;1
kantong kering;-4
kantong perut;-5
kantong tipis;-4
kanun;-3
kaos;-4
kapabel;2
kapabilitas;3
kapah;-2
kapah kapah;-2
kapal;-3
kapasitas;3
kapisa;0
kapok;-3
kapuk;-3
karang;-3
karat;-4
karavan;-4
karbolik;0
kardiak;0
kardinal;-4
karet;-3
karib;4
karikatural;0
karim;2
karimah;2
karin;-2
karismatik;2
karitatif;1
karmina;0
karsa;3
karu;-5
karunia;4
karut;-5
karya;3
karyawan;3
kasad;1
kasam;-3
kasatmata;4
kasemat;-3
kasep;2
kasi;-3
kasih;2
kasih kasihan;-3
kasih sayang;5
kasihan;-2
kasiku;-4
kasim;-4
kasip;-5
kasual;3
kasur;-4
katadrom;0
katawi;0
kategori;4
kategorial;0
kategoris;1
kaus;-4
kausal;1
kaustik;1
kawaei;-2
kawak;5
kawal;1
kawan;-3
kawi;1
kawin;-3
kawula;-3
kaya;1
kayai;1
kayangan;-5
kayun;2
kebah;0
kebaji;4
kebas;-3
kebat;-3
kebiri;-3
kebo;-4
kebun;-4
keburu;-5
kecai;-5
kecam;3
kecambah;3
kecamuk;-4
kecandan;-4
kecantol;-3
kecap;-4
kece;-3
kecek;-3
kecewa;-3
kecipir;-3
kecoa;-3
kecoh;-5
kecong;3
kecut;-4
kedai minum;-4
kedai susu;4
kedaluwarsa;-3
keder;-4
kedikit;0
kedodoran;3
kedot;2
keduduk;4
kedung;-3
kedut;-4
kehilangan;-3
kehuru hara;-4
keikutsertaan;3
keinget;-2
kejam;-4
kejar;-5
keji;-3
kejut;3
kekal;2
kekang;-4
kekar;2
keki;-4
kekol;-3
keladi;-3
kelak kelik;1
kelakar;-4
kelam;-4
kelam kabut;-4
kelamin;-3
kelangkan;-3
kelas;-3
kelasah lusuh;-5
kelati;-3
kelelawar;3
kelengar;-4
kelesa;-4
kelesah;-5
keletah;-3
kelih;4
kelik;-3
kelilip;3
kelimut;-3
keling;-3
kelipar;-4
kelir;-3
keliru;-5
kelis;-3
kelok;-2
kelok kelok;-2
kelompang;-3
kelompok;-5
kelompok kelompok;-4
kelop;1
kelos;3
kelu;-3
keluang;3
keluarga;4
keluh;-4
kemaknagandaan;-3
kemal;0
kemalingan;-3
kemam;-3
kemamang;-4
kemandang;-3
kemas;-2
kemas kemas;-2
kematu;0
kematus;0
kemayu;-3
kemban;-5
kembang;-4
kembang biak;-3
kembang kempis;-4
kembar;-3
kembera;1
kembung;-3
kemih;-3
kemik;-3
kemilap;1
kempa;-3
kempes;-4
kempis;-3
kemplang;-5
kempuh;1
kemu;-3
kemudi;3
kemuning;0
ken;-2
kena;-3
kenal;5
kenan;2
kenang;3
kenang kenang;3
kenapaaa;-3
kenapasih;-3
kencan;-4
kencang;3
kencar kencar;-4
kencing;-3
kendati;-3
kendala;-3
kendur;-3
kenduri;4
kenek;1
kenes;-3
kental;0
kentara;-3
kentut;-2
kenyal;0
kenyam;1
kenyang;3
kenyih;-4
keok;-2
kepal;-5
kepala angin;-3
kepala udang;-3
kepalang;-3
keparat;-5
kepeng;-2
kepetang;-3
kepialu;-4
kepincut;1
kepinding;-5
keping keping;-5
kepleset;-4
kepompong;-5
keputusasaan;-5
kera;-3
kerabat;3
kerabu;-5
keracak;0
kerai;-4
kerak;-2
kerakal;-3
keramat;-5
keran;-4
kerang keroh;0
keras;-4
keras hati;-3
keras kepala;-4
keras kerasan;-4
keras tulang;-2
kerasan;-2
kerat;-1
kerbau;-3
kerdak;-4
kerekau;-3
kerekot;0
keremus;-4
keren;2
kerepot;-3
kereseng;-4
kereta;-4
keri;4
kerik;-3
kerikil ;-3
kering;-3
keris;-4
kerising;-4
kerja;3
kerja keras;3
kerjain;-1
kerjasama;3
kerkau;-4
kerling;0
kernai;-4
kernyih;-4
kerok;-3
keropok;-3
keropos;-3
kerosek;-3
kerotot;0
keroyok;1
keruan;-3
kerubung;1
kerubut;-4
keruh;-3
kerumit;-5
kerumun;-4
kerut;-2
kerut merut;-3
kes;3
kesah;2
kesal;-2
kesambet;-3
kesan;4
kesatria;2
keseleo;-3
keseser;-4
keset;-4
kesi;-3
kesima;4
kesohor;2
kesomplok;-4
kesuma;3
kesumat;-4
kesup;-3
ketam;-3
ketapak;3
ketar;-3
ketar ketar;-3
ketat;0
ketegar;0
ketel;0
ketemu;1
ketes;-3
ketial;0
ketidaktentuan;-5
ketuat;-4
ketuk;3
ketul;-3
ketumbu;-4
ketupat bangkahulu;-5
ketupat bengkulu;-5
ketus;-4
kewalahan;-3
khabis;-3
khafi;-5
khair;-4
khalas;3
khali;1
khalifatullah;-4
khalis;2
khalwat;-3
kharab;-5
khas;1
khasi;-4
khasiat;4
khatimah;-3
khawatir;1
khayal;2
khianat;-5
khidmat;2
khilaf;-4
khinzir;-4
khisit;-5
khuduk;1
khuluk;3
khusus;1
khusyuk;3
kial;-4
kiamat;-3
kias;4
kiat;3
kicau;3
kicik;0
kicu;3
kidib;-3
kikir;4
kikis;-5
kilah;-4
kilan;3
kilang;-3
kilat;3
kilir;-3
kimah;5
kimpal;0
kinasih;2
kincang;3
kincit;-5
kincung;3
kinetik;1
kinred;0
kinte;3
kipa;0
kipas;3
kiprah;3
kipu;4
kir;-4
kirai;-3
kirap;-3
kiri;-3
kiruh;0
kisar;-3
kisas;3
kisi;-3
kisi kisi;-4
kismat;4
kisruh;-4
kitab;2
kiting;0
kits;5
klasik;3
klasikal;0
klerikal;0
klien;4
klimis;1
klinis;1
klir;1
kliyengan;1
klop;2
kobar;-3
kobar kobar;-2
kocak;2
kocar kacir;-5
kocok;-3
kode;-3
kodok;-2
kodrat;4
koersif;0
kognat;0
kognitif;1
kohesi;4
kohor;-3
koinsiden;0
koit;-5
kojoh;0
kojor;-3
kolam;-3
kolaps;-5
kolateral;0
kolegial;1
koleksi;1
kolera;-4
koloidal;0
kolosal;1
kolot;-5
kolusi;-5
komaran;0
komat kamit;-3
komedi;3
komersial;0
komikal;1
komisi;3
komparatif;1
kompas;-3
kompatibel;2
kompeten;2
kompetensi;3
kompetitif;2
kompleksitas;0
komplemen;5
komplementer;1
komplet;3
komplikasi;-3
komplikatif;1
komplot;-4
kompor;-4
komprehensif;1
kompulsif;1
komunalistik;0
komunikasi;-4
komunistis;0
komunitas;-3
konco;4
kondang;5
koneksi;-4
konferensi;2
konfirmasi;-4
konformitas;4
kongkalikong;-4
kongkong;-3
konglomerasi;-4
konjungtif;0
konkaf;0
konklusi;3
konklusif;1
konkomitan;1
konkret;2
konkretisasi;-3
konkurensi;-4
konon;3
konotasi;-3
konotatif;1
konsekuen;2
konsekuensi;-3
konsensus;3
konsentris;0
konseptual;3
konsesif;0
konsesional;0
konsistensi;-3
konsolidasi;3
konspirasi;-4
konstelasi;2
konstruktif;3
konsuler;0
konsultasi;3
konsumsi;-4
kontak;-4
kontaminasi;-4
kontan;1
kontekstual;1
kontemplatif;1
kontemporer;1
kontinental;0
kontinu;0
kontol;-5
kontradiksi;-3
kontras;-3
kontributor;3
kontroversi;-4
konveks;0
konvektif;0
konvergen;0
konyol;-3
kooperasi;1
kooperatif;2
koordinasi;1
koordinat;0
koordinatif;2
koordinator;2
koplo;-3
kopong;-4
kopulatif;0
kopyor;-4
korban;-4
korek;-4
korek api;-4
korek ngorek;-4
korelatif;1
koronal;0
korporatif;0
korup;-5
korupsi;-4
kosen;4
kosmis;0
kosmologis;0
kosmopolitan;0
kosong;-3
kot;-1
kotak;-3
koteng;-3
kotor;-5
koyak;-3
koyak koyak;-5
kreasi;3
kreatif;2
kreativitas;4
kredibel;3
kresendo;0
krim;1
kriminologis;0
krisis;-4
krista;-4
kritik;-5
kritis;-5
kroco;-4
kromatis;-3
kroni;-3
kronis;-5
kronologi;-1
kronologis;0
krusial;1
kuadrupleks;0
kuak;-5
kuala;4
kualat;-4
kualifikasi;2
kualitas;4
kuantitatif;0
kuar;0
kuasa;3
kuat;5
kuat batin;3
kuat duga;-2
kubang;-3
kubil;0
kuboid;0
kubra;2
kubur;-3
kucar kacir;-5
kucil;1
kucup;2
kucur;4
kudus;4
kufur;-5
kujarat;5
kukuh;-4
kukul;-3
kukur;-3
kulak;-3
kuliah;1
kultural;0
kulzum;0
kumai;3
kumandang;-3
kumat;-4
kumbang;1
kumpul;-3
kumuh;-4
kumulatif;1
kunarpa;-4
kunci;3
kundang;5
kungkung;-3
kuning;-4
kunjung;1
kuno;-5
kuntit;1
kunyah;3
kunyam;0
kuota;-2
kupak;0
kupon;3
kurap;-4
kuratif;1
kurbal;-3
kurban;-3
kurung;-4
kurus;-3
kusa;3
kusuma;4
kusut;-4
kusut hati;-5
kusut pikir;-4
kuti;0
kutil;-4
kutu busuk;-4
kutuk;-5
kutut;-3
kuwur;-4
kuyu;-5
kuyup;-3
laba;4
labil;-4
labiovelar;4
laboratorium;-3
labrak;-4
labuda;-3
labuh;-4
labut;0
lacur;-5
ladah;-5
ladang;-4
laden;3
lafal;-4
laga;-4
lagak;2
lagu;2
lahang;-3
lahap;1
lahir;3
laif;-5
laik;-5
lajat;0
lajnah;3
laju;4
lakar;0
lakeri;3
laknat;-5
lakon;3
lakonik;0
laksana;-4
laku;2
lakustrin;0
lalah;-5
lalai;-3
lalak;-3
lalap;-4
lalat hijau;-5
lalat kerbau;-4
lali;-4
lalim;-5
lamat lamat;0
lamban;-4
lambang;-3
lambat;1
lambat lambat;-4
lambuk;3
lambung;2
lampai;0
lampas;4
lampau;-5
lampias;0
lampu;4
lancang;-5
lancang mulut;-4
lancar;-2
lancip;0
lancung;3
lancut;-4
landai;-3
landas;-4
landas pesawat udara;-4
langah;-3
langau;-4
langgam;2
langgan;2
langgar;-5
langgeng;2
langkah;-1
langkah kanan;3
langkai;0
langkan;-3
langkap;-3
langkau;-5
langking;-4
langlang;4
langsai;-3
langsuir;-4
langsung;0
lanjai;0
lanjung;0
lanjur;-3
lantak;-4
lantang;1
lantar;-4
lantik;3
lantip;3
lantun;3
lanyah;0
lanyak;-3
lap kaki;-2
lapang;3
lapang hati;-1
lapang lapang;2
lapar;-3
lapat lapat;0
lapir;0
lapis;3
lapor;2
laporin;-3
lapuk;-5
lara;-5
lara lara;-4
larak;0
larang;-3
laras;3
larat;-3
larat hati;-3
larat larat;-4
lari;3
lari lari;-2
laris;2
larut;1
lasak;1
lasat;-5
lata;-5
latah;-5
laten;-5
latif;1
latih;4
latis;-4
latur;0
laun;1
laur;-4
lawa;1
lawan;1
lawas;1
lawat;-4
layak;3
layan;3
layang;-3
layon;-4
layu;-4
layuh;-3
lazim;0
ldr;-2
leave;-3
lebai;-3
lebang;0
lebar;-3
lebar mulut;-4
lebat;0
lebay;-4
lebu;-3
lebuk;3
lebun;3
lebur;3
lecap;0
lecat;0
leceh;4
lecet;-4
ledak;-4
ledek;-5
ledes;-3
ledos;3
leduk;-4
legalisasi;-3
legalitas;-3
legat;0
legawa;4
legendaris;2
legislatif;0
legit;4
leja;-5
lejas;0
leka;1
lekap;-3
lekas;-3
lekas lekas;1
lekat;-4
lekit;0
leksikal;0
leksikografis;0
lektur;4
leku;-3
lela;-4
lelah;-3
lelang;1
lelap;4
leleh;1
lelembut;-4
leler;-4
leluasa;1
lelucon;-4
lelung;-3
lemah;5
lemas;-3
lemau;0
lembaga;-3
lembam;-4
lembap;-4
lembek;5
lembeng;-4
lembik;5
lembok;0
lembu;-3
lembu hutan;-3
lembu liar;-3
lembuk;3
lembung;-3
lembut;2
lempeng;1
lena;1
lencana;-3
lenceng;-3
lencong;0
lencun;0
lendeh;3
lendut;0
lengah;-4
lengan;-2
lengang;1
lengar;-4
lengas;-4
lenggana;-4
lenggang;1
lengkai;1
lengkap;1
lengkesa;-3
lengket;-2
lengket lengket;-3
lengkok;0
lengkur;-3
lenguh;0
lentera;4
lentoid;0
lentuk;1
lentur;2
lenyap;-5
lenyap darat;-4
lenyau;0
lepai;0
lepas;-5
lepek;3
lepra;-5
lerai;1
lerak;-4
lereng;0
lesap;3
lesit;-1
lestari;4
lesu;-4
leta;-5
letak;4
letih;-3
leting;-3
letup;-3
letus;-4
level;4
lever;-2
leyu;-4
lezat;5
liang;-3
liang jimak;-4
liang sanggama;-4
libas;-4
libat;-3
libat libat;-4
liberal;0
liberalistis;0
libur;3
licak;0
licau;1
licin;4
lidas;0
lidi;-5
lieur;-3
ligih;-4
lihai;2
lihat;0
likat;0
liku liku;-4
lila;4
lilit;3
limbuk;3
limitatif;1
limpah;1
lin;0
linang;-3
lincah;4
lincir;0
lincun;0
lindap;-3
lindu;4
lindung;4
lindur;-3
linggayuran;1
linggis;-4
lingkar;-3
lingkung;3
lingkup;-5
lingsir;2
linguis;-3
lini;4
linier;1
lintang;3
lintap;0
lintar;-3
lintas;-4
lintas rimba;3
linu;4
linuhung;3
lipat;-3
lipat ganda;-3
liplap;0
lipur;2
liput;3
lirih;-3
lisan;3
lisong;-3
lisut;-4
live;3
liwa;-3
loak;-4
lock;-2
logis;2
lokal;1
loksek;-4
loloh;-3
lolos;-4
lombong;-3
lompat;-5
lompong;1
loncos;0
londang;-3
loneng;-3
longgar;3
longgok;-3
longgor;1
longo;3
lonjong;0
lontar;3
lopak;0
lopak lapik;-4
lorat;0
lorong;-4
lorot;-4
losmen;2
lost;-3
lot;-5
lotong;-4
lotre;2
lovers;4
lowong;1
loya;0
loyal;2
loyo;-3
luak;-3
luang;3
luas;3
lubang;-3
lubang jarum;-5
lubuk;-3
lucah;-5
luck;4
lucu;3
lucut;1
luda;-3
ludes;-5
lugas;1
lugu;4
luhur;2
luk;-3
luka;-5
lukat;-4
lukis;2
luluh;-3
luluh lantak;-5
luluk;1
lulur;-3
lulus;5
lumang;-5
lumat;-4
lumayan;-2
lumer;-3
lumrah;2
lumur;-4
lumut;-3
lunak;1
lunas kapal;2
luncas;-3
lunch;3
lungkah;0
lungkang;-4
lungkum;0
lungse;0
luntur;1
lunyah;-3
lupa;-1
lupain;1
luput;-3
luruh;2
lurus;4
lurus hati;3
lusuh;-5
lusuh kelasah;-5
lutu;-4
lutut;-2
luwes;-4
luyu;-1
maaf;5
maafin;-3
maapin;-4
maapkan;-3
mabok;-4
mabrur;2
macem;-2
macis;-4
madani;-4
madat;-3
mafhum;-1
mafia;-5
magel;0
maghrib;-2
magis;2
magnetis;1
magribi;0
magrur;0
maha;4
mahabah;4
mahakuasa;2
mahal;1
mahamulia;2
mahasuci;2
mahatahu;2
mahatma;0
mahdi;3
maherat;-4
mahfum;4
mahir;4
mahkamah;-3
maho;-4
maimun;4
main;3
main kayu;-3
main main;-2
main mata;-5
main muda;-3
mainin;-2
mainstream;-3
mairat;-5
majal;0
majelis;1
majemuk;1
majenun;3
majikan;-3
maju;2
majubersama;3
majuh;1
makan bawang;-5
makbul;3
makelar;-3
makhluk;3
makhluk halus;-4
maki;-5
makiyah;0
maklum;3
maklumat;2
makmum;-3
makmur;4
makna;4
maknawi;2
makro;0
makroskopis;0
makruf;4
maksa;-5
maksimal;2
maksud;3
mala;0
malak;-5
malang;-5
malapateka;-3
malapetaka;-5
malar;1
malas;-4
malas gerak;-4
malayari;3
males;-4
malesin;-4
malim;3
malis;0
malu;-4
malu malu;1
malu mata;-4
mamang;-4
mambang;-4
mampat;-3
mampir;-3
mampung;0
mampus;-5
manah;-2
manasuka;-4
mancawarna;1
mancing;2
manda;0
mandang;-3
mandiri;-3
mandraguna;4
manfaat;3
mangau;-4
manggak;-5
manggala;3
mangkak;3
mangkar;0
mangkas;-2
mangkel;-4
mangkir;-3
mangkus;1
mangut;-4
manifestasi;-3
manila;5
manipulator;-4
manis;5
manise;2
manja;-3
manjur;4
mansukh;-4
mantan;-3
mantap;4
mantik api;-4
mantiki;1
manusia;3
manusiawi;1
manut;1
manuver;-3
mapan;3
mara;-4
marah;-5
marahin;-4
marak;-3
marem;2
margrit;3
mari;1
maritim;1
mariyuana;-3
marpaud;0
martabat;5
martil;3
maruk;-3
masai;-4
masak;2
masakan;3
masif;2
masin;0
masinal;0
masir;0
masjid;3
maskapai;3
maslahat;2
massal;1
master;-1
masuk;-1
masuk akal;-4
masygul;3
masyhur;1
mata;-2
mata betung;-3
mata cahari;2
mata gawai;4
mata ikan;-4
mata mata;-3
matahari;2
matang;0
materiil;0
mati;4
mati pucuk;-5
matiin;-2
matlis;-1
maton;1
matriarkal;0
matrilineal;0
matrilokal;0
maujud;2
maula;-4
maut;4
mayat;-4
mayeng;0
mayit;-4
mazarin;0
mbeling;-2
mblo;-3
medali;4
medial;0
medikamentosa;0
medium;2
medok;-3
medu;2
megah;4
megak;1
megat;-3
meger;2
meh;-5
mekar;3
melankoli;-5
melankolis;-2
melar;-2
melarat;-4
melek;-2
meleset;-3
melet;-3
melit;1
melodius;1
meluluhlantakkan;-4
melunjak;-3
memble;-3
memedi;-4
memejahijaukan;1
memek;-5
memorakporandakan;-3
menang;4
mencak;-5
mencak mencak;-5
mencampurbaurkan;-4
menceng;-4
mencepung;-5
menceret;-5
mencos;0
mencret;-4
mending;3
mendung;-3
menep;-3
mengap;-3
mengeluh;4
mengerinyau;-3
menggelabu;-4
menggelinyau;-3
menggerenyam;-3
menghancurluluhkan;-4
mengharubirukan;-4
menghilangkan ;2
menghisap;-1
menginterprestasikan;1
mengirat;2
mengkal;-4
meni;4
menir;-4
menjapit;-4
mentab;2
mentang;-3
mentang mentang;-4
mentereng;2
mentok;-1
mentolo;-2
menung;2
merah;4
merah jambu;3
merah merah;1
merah muda;3
merah telinga;1
merajak;1
merana;-4
merdeka;2
merdesa;-5
merdu;5
merem;-2
merespon;3
merger;3
meri;3
meriang;-4
merinding;-3
merinin;-3
merosot;-5
mersik;0
merta;3
mesem;2
mesiu;-1
mesodermik;0
mesra;4
mesti;-3
mesum;-5
mesut;-4
metabolik;0
metabolis;0
metah;4
metalik;0
metalurgis;0
metamorfis;1
metamorfosis;-3
meteor;-4
meteorologis;0
metode;-5
metodis;1
metronimik;0
metronomis;0
metropolitan;0
mewah;2
mewek;-5
mikat;2
mikir;2
mikro;-3
mikroanalisis;3
mikroskopis;0
militeristis;0
miliun;-5
mimpi;2
mimpiin;-2
minat;0
mineralogis;2
minhaj;-4
minim;-3
minimal;-3
minum;-3
minus;-3
mirih;0
miring;-4
miris;-1
mirmekofag;0
misbah;4
misioner;1
miskin;1
misuh;-5
mitra;2
mobil;0
moblong;1
modal;3
modar;-5
model;3
moderat;1
moderator;3
modern;3
modifikasi;2
modular;0
modus;-3
mogok;-5
mohon;2
mojang;2
moksa;2
mola;4
molar;0
molek;2
momental;1
momentum;3
momok;-4
moncong;-3
mondial;0
monggo;3
monofag;0
monogam;1
monoklin;0
monoklinal;0
monoploid;0
monopoli;3
montok;3
monyet;-3
mood;2
moral;-1
teman;0
moralistis;1
morat marit;-3
moratorium;3
morfemis;0
morfin;-3
motel;1
motif;-3
motivasi;3
motorik;0
moyang;-4
muai;3
muak;-3
mual;-2
muanas;0
muara;4
muas;5
muat;1
mubarak;2
mucikari;-5
muda;2
mudah;4
mudah mudah;1
mudarat;1
mudik;3
mufaham;3
mufakat;4
muflis;-4
muhibah;4
muhtasyam;2
mujarab;-1
mujarad;0
muji;2
mujur;4
mujur mujur;2
muka;1
mukhlis;3
mukibat;3
mukim;3
muktabar;3
muktamar;4
mules;-4
mulia;0
mullah;3
multidimensi;1
multidisipliner;1
multifaset;1
multifungsi;1
multiguna;1
multikompleks;0
multilateral;0
multilingual;1
multinasional;1
multinegara;1
multipara;0
multipolar;0
multirasial;1
multivalen;0
muluk;1
mulus;4
mulut;2
mulut sungai;4
mumi;-4
mumpung;0
mumpuni;2
muncikari;-5
munding;-3
mundur;-1
mungil;1
mungkar;-4
mungkir;-5
mungut;-2
munjung;1
muno;0
muntah;-3
muntup;-3
mupeng;-2
mupus;-5
murah;1
muram;-4
muram durja;-5
murca;-4
murid;3
muring;-5
muris;0
murka;-4
murtad;-5
murung;-5
murup;-3
murus;-5
musara;3
musibah;-5
music;1
musik;2
musir;-4
muskil;-2
muslim;3
musnah;-5
mustahak;2
mustahil;3
mustaid;3
mustajab;4
mustaka;-3
mustakim;1
musuh;-4
musyawarah;-3
mutakhir;4
mutlak;-3
mutu;3
muwafakat;3
naas;-5
nabi;2
nabrak;-4
nada;2
naena;-2
nafas ;3
nafi;-4
nafkah;3
nafsu;3
nahas;-2
naim;2
najis;-4
najisin;-4
nakal;-5
nala;-3
nali;3
naluriah;1
nama;4
nama buruk;-5
nanar;-4
nang;-5
naon;-2
napsu;-3
naqli;2
narasi;-4
narkotik;-3
narkotika;-4
nasabah;4
nasal;0
nasi;2
nasihat;-3
natal;1
nativistik;2
natur;3
natural;1
naturalistis;0
naudzubillah;-5
nautik;0
nautikal;2
ndut;-4
nebeng;-3
neces;4
necis;4
negasi;-2
negosiasi;2
nekat;-4
nelangsa;-3
nenes;-2
neraka;-5
nestapa;1
net;-3
netral;2
neuralgia;0
neurologis;0
neurotik;0
next;1
ngaceng;-5
ngadepin;-2
ngadu;-3
ngaku;2
ngalah;2
ngamen;-3
ngancem;-4
nganggur;-3
ngantuk;-2
ngarti;-3
ngatai;-5
ngatain;-5
ngeang;-4
ngebet;0
ngeden;-2
ngeles;-3
ngelupain;-4
ngemis;-4
ngenes;-4
ngeri;-3
ngeributin;-4
ngerti;1
ngertiin;-3
ngeselin;-3
ngesot;-2
ngespam;-3
ngestalk;-4
ngetawain;-4
ngilang;-3
ngiler;-3
ngilu;-4
ngira;3
ngisin;-2
ngoko;2
ngomel;-4
ngopi;3
ngotot;-4
ngurusin;2
nian;4
nice;4
nihil;-4
nikah;5
nikmat;2
nila;0
nilai;-4
nira;-3
nirkabel;0
nirlaba;1
nirleka;0
nirmala;2
nista;-4
njir;-3
nobat;-3
noda;-3
nokturia;0
nokturnal;0
nominal;0
nomine;5
nongol;-2
nonkimia;1
nonkonvensional;0
nonmiliter;1
nonpatogenik;0
nontradisional;0
nonverbal;0
normal;0
normatif;1
novel;2
nrima;1
nuansa;-3
nuftah;3
nujum;-4
numeris;0
numpuk;-3
nunggu;-1
nuraga;1
nuri;3
nusuk;-3
nuzul;-4
nyala;2
nyalahin;-4
nyalang;1
nyali;-1
nyaman;4
nyamleng;5
nyampah;-4
nyamuk;-1
nyana;3
nyanyang;-5
nyanyi;2
nyariin;-2
nyaring;1
nyasar;-4
nyata;-2
nyawa;-5
nyebut;-3
nyelekit;-4
nyenyai;0
nyenyak;2
nyenyat;1
nyenyeh;-4
nyenyep;1
nyerah;-3
nyeri;-4
nyesal;-4
nyimpen;1
nyinyir;-4
nyolong;-4
nyontek;-5
nyonyong;0
obar;-4
obat;3
objektif;4
obral;-3
obrol;-4
obsesi;-2
obsolet;-5
oceh;-4
odoh;-5
ogah;-3
ogah ogah;-4
ogak agik;1
ogel;-4
oksiasetilena;0
oktal;0
okuler;0
okupasional;1
olah;-4
oleng;-3
oles;-4
olet;-3
oligofagus;2
oligopolistis;0
oligotrofik;0
olok;-4
olok olok;-5
om swastiastu;2
omong;-4
omong kosong;1
onak;-4
onar;-5
ongkang ongkang;-4
ongok;-3
onkogen;0
only;1
ons;-5
onyak anyik;-4
onyok;-3
oon;-5
operasi;-4
operasional;1
operatif;1
opium;-3
oportunitas;3
oposisi;-3
opsional;1
optimal;2
optimistis;2
optis;0
ora;-3
orak senyum;2
orbit;1
orde;3
order;1
ordinal;1
ordo;3
organik;0
organisasi;0
organisatoris;1
orgasmik;0
oriental;1
orientasi;3
orisinal;3
orisinalitas;1
ornamen;5
ornamental;1
ornitologis;0
orografis;0
orok;-3
ortodoks;1
ortografis;0
ortopedis;0
osmoregulasi;0
osteoporosis;-5
otak;-3
otak ayam;-5
otak encer;2
otak tajam;4
otak telur;-5
otak udang;-5
otek;-4
otentik;3
otomatis;3
otomotif;0
otonom;1
otot;4
oval;0
oven;-4
ovipositor;-3
ovum;4
oyak;-4
oyak oyak;-4
oyok;-4
oyong;-4
pacak;-3
pacangan;3
pacar;3
pacul;-4
padan;1
padang luas;-3
padang pasir;-3
padat;1
padet;-2
padi;0
padu;4
paduka;4
paduka tuan;4
pagan;1
paganisme;-5
page;2
pagebluk;-5
pagi;1
pagina;-2
pagon;3
pagun;0
pahala;2
paham;2
paheman;4
pahit;-3
pailit;-5
pajak;-3
pajang;4
pajuh;1
pakai;2
pakai bahasa;-3
pakar;-1
pakat;4
paket;4
paksa;-4
paku;-3
palat;-5
paleografis;0
paleolitik;0
pales;-4
palit;-3
palit palit;-4
palka;-3
palkon;-5
palolo;-4
pamer;-3
pamflet;3
pamit;2
pamor;3
pampat;-5
pamrih;1
panar;-3
panas;-3
panas hati;-5
panas kuku;4
panas manasi;-3
panas panas;1
pancakara;-4
pancang;-3
pancar;-3
pancaragam;1
pancaroba;1
pancawarna;1
pancur;-3
pandai;4
pandai bicara;3
pandai pandai;2
pandang;2
pandemi;-5
pandialektal;0
pandir;-5
pandu;3
pangah;-4
pangeran;1
panggak;1
panggang;-4
panggil;-1
panggul;4
pangkai;0
pangkal kerongkongan;-5
pangkat;5
pangkat pangkat;0
pangku tangan;-4
pangkur;-4
panglima;3
pangsa;-3
pangsek;1
pangus;1
panik;-4
panil;4
panitia;3
panjat doa;4
panji panji;-3
pankronis;0
panlektal;0
panorama;3
pantai;1
pantak;-4
pantang;-4
pantar;1
pantat;-3
pantau;2
panteistis;0
pantes;-3
panti;2
panto;0
pantul;3
papak;-3
papakerma;-5
papar;3
papas;-5
parade;1
paradigma;3
paradoksal;1
parah;0
parak;-4
paralel;0
paralelogram;-4
paralinguistis;1
paramarta;4
paramiliter;0
paranormal;-2
parap;-3
parataktis;0
parau;-4
parenial;1
parental;1
pari;-3
paripurna;1
pariwara;-3
parlemen;-3
parlementer;0
parlente;-4
parokial;-3
parsel;2
parsial;0
partai;3
partikelir;0
partisipasi;3
partitif;0
paruh;-3
parut;-3
pas;3
pasak;-4
pasal;2
pasang;4
pasang hidup;4
pasar;0
pasar uang;2
pascabedah;0
pascadoktoral;1
pascakrisis;0
pascalarva;0
pascalikuidasi;0
pascamodern;1
pascamodernisme;0
pascaoperasi;0
pascapanen;0
pascasarjana;0
pascausaha;1
pascayuwana;0
pasif;-3
pasim;0
pasir;0
pasit;0
pasok;-3
pasrah;3
pasu;-5
pasuk;-3
patah;-4
patah pucuk;-5
pataka;-3
paternalistis;1
patgulipat;-5
pati;-5
patirasa;1
patogenik;2
patok;4
patologis;0
patos;-5
patrilineal;0
patroli;4
patuh;4
patuk;-5
patung;-3
patut;2
patut matut;-3
paut;-4
pawana;-4
paya;4
payah;-3
payu;2
payudara;-3
pecah;-4
pecak;0
pecat;-5
pedagogis;2
pedar;-4
pedas;-2
pedih;-4
pedofil;-5
pedoman;4
peduli;2
pegah;5
pegal hati;-4
pegang;-2
pegang kitab;4
pegari;-3
pegawai;3
pegawai negeri;2
pegawai perintah;2
pejajaran;-4
pejal;1
pejatian;3
peka;2
pekak;-3
pekak pekak;0
pekik;-3
pekir;-4
pekuk;-3
pelak;-3
pelamin;4
pelan;1
pelana;-3
pelancar;2
pelangi;4
pelanting;-3
pelecok;-3
pelekok;-3
peles;-1
peleset;-4
pelesir;3
pelesit;-4
pelet;-3
pelihara;4
pelik;-4
pelir;-5
pelit;-5
pelita;-2
pelor;-3
pelosok;-3
pelosot;-3
peluk;4
pelupuk mata;4
peluru;-3
pemair;3
pematang;-4
pemberitahuan;-3
pemuda;-1
penak;1
penasaran;-3
penat;4
pencar;-5
pencet;-2
pencil;-5
pendam;4
pendek;1
pendek akal;-3
pendek tali;-4
pendekar;3
pending;-1
pengalasan;3
pengang;-3
pengap;-4
pengar;-4
pengaruh;3
pengga;0
penggah;1
penggal lidah;-5
penghisapan;-4
peni;1
pening;-3
penis;-5
peniti;-4
penjara;-4
penjuru;-3
pensiun;-3
pental;-3
pentan;0
pentar;0
pentung pentung;-4
penuh;1
penuh sesak;-3
penyap;-3
pepak;-3
pepat;-3
pepet;-5
peptik;0
pera perai;-5
perahu;-4
perai;3
perak;1
peran;3
perang;-3
perang hati;-4
perang mulut;-5
peranjat;-3
peras;-4
perata;2
perban;-3
perbani;0
percaya;3
percis;2
perdata;-3
perdeo;4
pere;0
pereh;0
perempuan cantik;5
perenial;0
perenyak;-4
perenyuk;0
peres;1
peresih;1
peretel;-4
perfek;1
perfektif;0
pergi;-5
pergok;-5
perhati;4
peri;3
peria;2
perian;3
peridi;0
perifrastis;0
perigel;0
perih;-5
periksa;3
perilaku;2
perinci;3
pering;-3
peringkat;4
periodik;0
perisa;1
peristiwa;2
perit;-4
perivaskuler;0
perjuangin;3
perkakas;-3
perkara;-4
perkasa;2
perkolasi;3
perkutut;-3
perlahan lahan;1
perlente;1
perli;-5
perlina;-3
perlup;0
perlus;-4
permadani;3
permai;-4
permana tiada permana;1
permanen;3
permata;3
permeabel;1
permisif;1
pernik;3
pernikel;0
peroneal;0
perosok;-5
persen;2
perseptif;3
persih;1
persis;2
personal;0
personalitas;1
persuasi;-3
pertahanin;1
pertiwi;-3
peruk;-4
perus;-5
perut;-3
perwira;4
pesam;4
pesan;-3
pesanggrahan;2
pesat;4
pesawat;-3
pesi;1
pesona;4
pesta;4
pestaka;4
petah lidah;4
petaka;-4
petang;1
petes;4
petir;-3
petuah;-3
petus;-3
php;-4
piak;0
pialang;-3
piat;0
piawai;2
pica;-4
pidana;-3
pijak;-3
pijar;-3
pijat pijat;-5
pikat;-4
pikir;-3
pikir tumpul;-3
pikul;-5
pikun;-4
pilak;-5
pileh;1
pilih;2
pilin;-5
pilon;-3
pilu;-5
pinak;-3
pincang;-4
pinda;4
pindah;-3
pinga;1
pingai;0
pinggir;-4
pinggul;-3
pingsan;-3
pingul;0
pinisepuh;3
pinky;3
pintar;4
pintas;3
pionir;3
pipih;-3
pipis;-2
pipit;-3
piramidal;0
pirang;0
pirektik;0
pisah;-3
pisik;1
pita;-4
pitam;-4
pitnah;-3
piuh;3
planologis;0
plastis;1
pleno;1
plong;3
plonga plongo;-3
plongah plongoh;-3
plural;0
pluralistis;0
plus;1
pojok;2
pokeng;0
poko;-2
pokok;3
pokta;5
pola;4
polan;-3
polemik;3
poleng;-3
poleng poleng;2
poler;0
polipetal;0
polisepal;0
polisional;1
politeistis;0
politik;-1
polos;-2
polusi;-4
pongah;-5
popok;-4
populer;5
porak;0
porak poranda;-5
porno;-5
porsi;4
portabel;1
portofolio;2
pose;3
posisi;-5
positif;4
positivistik;1
potel;-5
potensi;3
potensial;2
potol;-4
potong;-2
prabu;4
praduga;-3
pragmatik;0
pragmatis;1
prahara;-3
prajurit;-5
prakarsa;3
prakira;3
praktis;1
pralahir;0
pranatal;-3
pranikah;1
prapendapat;-3
praremaja;0
prasaja;1
prasangka;1
prasarana;3
prasetia;3
prawira;2
prayitna;1
prayojana;3
predikatif;1
prediksi;3
preferensi;3
prei;3
preinan;3
preliminer;0
premium;2
prenatal;1
preseden;-2
presentabel;1
presentasi;-3
presiden;3
presidensial;0
preskriptif;0
prestisius;2
pretel;-4
preventif;1
prigel;4
prihatin;-3
prima;4
primadona;5
primbon;4
primer;-4
primitif;3
primordial;1
prinsipiil;1
prinsipil;-4
privat;0
pro forma;1
proaktif;2
probabilitas;3
problem;-4
problematik;-4
prodeo;4
produk;3
produktif;2
profan;0
profesional;2
profit;4
profitabel;2
progresif;1
proksimal;0
prolat;0
prominen;0
promo;3
promosi;3
promote;3
promotif;1
pronominal;0
proporsional;1
prosa;2
prosais;-3
prosedur;-4
prosedural;1
proses;1
prosodis;0
prospek;3
prospektif;2
protektif;1
protektor;3
proteolitik;0
protes;-3
protokoler;0
protolitik;0
proud;5
provisional;0
provokasi;1
proyeksi;3
prudensial;1
pseudonim;2
psikis;1
psikofisiologis;0
psikologis;1
psikomotor;0
psikomotorik;0
psikoseksual;0
psikosomatik;0
psikoteknis;0
puadai;4
puak puak;-4
puaka;-3
puas;3
puasa;-2
puatang;-5
pub;-4
publikasi;2
pucat;-4
pucuk;-4
pudar;2
pudat;0
pudur;0
puih;2
puitis;2
puja;4
puji;4
puji muji;4
pukal;0
pukang;-3
pukau;4
pulak;-2
pulan;1
pulang;-3
pulas;3
pulen;1
pulik;1
pulsa;-3
pulun;0
pulut;3
pumpun;-3
punah;-4
punar;2
puncak;-3
pundi;2
pundi pundi;2
pundung;-4
pungguk;0
punia;4
punjul;1
puntianak;-5
puntung;-3
pupus;-5
puput;-3
pura pura;-4
purba;-3
purbasangka;-3
puristis;0
purna;3
purnabakti;1
purnajual;0
purnama;-3
purnapugar;0
purnasarjana;1
purnatugas;0
purnawaktu;0
puruk;-4
purusa;3
purut;1
purwa;-2
pusaka;4
pusang;-5
pusat;0
pusing;-2
pusing keling;-5
pusink;-3
puspa;4
puspamala;-3
puspita;3
pustaka;4
pusu;-3
pusung;-3
putar;1
putar putar;-4
putau;-3
putih;1
putih putih;1
putih tulang;-2
putra;3
putus;-1
putus akal;-5
putus cinta;-2
putus jiwa;-5
putus nafas;-4
putus nyawa;-5
putus tali gantung;-2
putus usia;-3
puyan;-4
puyeng;-4
qada;-2
qadim;3
queen;2
quran;3
raba;1
rabak;-3
raban;-4
rabani;2
rabies;-4
rabit;-3
rabung;1
racau;1
racik;4
rad;-3
radang;-4
radial;0
radikal;3
radiotelegrafis;0
radius;-4
radu;3
rafi;3
ragam;4
ragawi;1
ragu;-4
ragu ragu;-3
raguk;-3
raharja;2
rahasia;0
rahayu;-2
rahim;2
rahmat;-3
raib;-3
raih;2
rais;3
raiso;-3
raja;-3
rajabiah;0
rajah;1
rajalela;-4
rajam;-4
rajin;2
rakaat;-4
rakah;1
rakit;3
rakyat;1
ralip;-5
rama;3
ramah;2
ramai;2
ramal;-2
ramanda;3
rambak;-3
rambang;-5
rambu rambu;-4
rampak;-5
rampang;-2
rampas;-4
ramping;2
rampok;-5
rampuh;3
rampung;3
rampus;-5
rana;4
ranai;-4
ranap;-5
rancah;0
rancak;-4
rancap;-4
rancau;-3
rancu;-4
rancung;1
randat;1
randek;-3
random;-4
randu;-4
rang;3
ranggah;-3
ranggi;1
rangkai;-4
rangkak;-3
rangkam;-4
rangkap;-3
rangkul;-3
rangkum;-3
rangkup;-3
rangkus;-4
rangsang;3
rani;4
rantai;-3
rantas;0
rantus;0
ranum;5
ranyah;-5
rap api;2
rapal;1
rapat;-3
rapat rapat;-3
rapet;-2
rapi;3
rapun;-4
ras;-4
rasai;1
rasain;-3
rasi;-3
rasial;1
rasialisme;-5
rasio;1
rasional;2
rasionalitas;-4
rasisme;-5
rasuk;2
rasuk hati;-3
rasuli;2
rat;-4
ratah;0
ratap;-3
ratna;2
ratu;2
raun;4
raut;-3
rawa;4
rawak;-5
rawan;-5
rawat;-3
rawi;3
raya;1
rayah;-5
rayap;-3
rayau;-4
rayu;-4
reaksi;2
reaksioner;3
real;2
realisasi;-3
realistis;1
realitas;-3
reba;-5
rebah;-3
rebak;-3
rebeh;-5
rebet;-5
rebut;-3
reca;-3
receh;-4
recok;4
redaksional;1
redam;0
redam redam;0
redang;-4
redik;-5
redup;-3
referensial;1
refleks;3
refleksi;3
reflektif;1
refresh;2
regenerasi;-2
reges;0
regional;0
reglementer;0
regu;-3
reguk;-3
reguler;1
rehabilitatif;2
rejeh;0
rejeki;4
rejeng;-3
reka;1
rekam;-3
rekan;-2
reken;-3
rekognisi;5
rekomendasi;-3
rekonsiliasi;4
reksa;3
rektifikasi;1
rela;5
relai;-5
relaks;2
relasi;-4
relevan;1
relevansi;-4
reliabel;2
religi;1
religiositas;3
religius;2
relung;-2
rem;1
remaja;2
remanen;0
remang;-3
remas remas;3
rematoid;0
rembah;2
rembang;1
rembas;-5
rembes;-3
rembet;-4
rembuk;3
rembunai;0
remeh;4
rempak;-4
remuk;-4
remuk redam;-5
renal;0
renang;1
rencah;-4
rencana;-4
rendabel;1
rendah;-5
renes;1
rengeh;-3
renggang;-3
rengkuh;1
rengsa;-4
renik;1
renjana;2
renovasi;4
rentak;-3
rentan;-4
rentang;3
rentang rentang;-5
renti;-3
renung;-3
renyam;-3
renyang;-5
renyem;-3
repang;1
reparasi;3
repot;-5
representatif;1
represi;-4
repui;0
reput;-3
reputasi;2
reras;0
resah;-4
resam;3
resan;-5
resap;3
resek;-4
resep;3
reseptif;2
reseptor;2
resesi;-5
resi;1
residivis;-5
resik;1
resiprokal;0
resistan;-2
resmi;2
resolusi;3
resonansi;-3
respon;2
respons;3
responsif;2
restan;-3
restiformis;0
restoran;-4
resultan;-3
resurjensi;-5
retak;-4
retas;-3
retek;-3
retrolingual;0
retromamal;0
retromandibuler;0
revolusioner;-1
rewak;0
rewang;1
rewel;-4
reyot;-3
rezeki;3
ria;4
riah;3
riang;4
riang gembira;-3
rias;3
riba;-3
ribang;1
ribut;-4
ricuh;-4
rida;-3
rigai;0
riil;4
rilis;3
rim;-3
rimba;3
rimbun;1
rimpang;0
rimpung;0
rinai;1
rincis;-4
rincu;-4
rindang;1
rinding;-3
rindu;2
ringan;2
ringan kepala;2
ringan lidah;-4
ringan mulut;-4
ringan tangan;-1
ringan tulang;5
ringkai;1
ringkas;-2
ringkih;-4
ringkik;-3
ringkus;-5
rintang;-4
rintik;-3
rintis;-2
rip;-5
risa;-4
risak;-4
risi;-3
risiko;-3
ritmis;1
ritual;0
riuh;-3
riuk;-3
riwayat;3
rizki;4
robek;-3
roboh;-5
roda;-5
rodan;0
rogoh;-3
rogok;-3
roh;4
roh jahat;-4
rohani;2
rohaniah;2
rokok;-3
roma;1
romantik;2
romantika;1
romantis;2
romawi;0
rombak;-2
rombeng;-4
rombik;0
rombong;-4
romong;-4
rompak;-5
rompeng;-4
rompes;0
rompoh;-4
rompok;-2
rompong;-3
rompyok;-5
rona;-3
roncet;1
ronda;3
rongga;-3
ronggang;-3
rongkol;-5
rongseng;-4
rongsok;-3
ronta;-3
rontok;1
ropak rapik;0
rorod;-4
rosak;-3
rosok;-3
rotan;4
royal;2
rua;-4
ruah;0
ruai;-4
ruak;-4
ruang;-3
ruat;-4
rubuh;-5
rucah;-5
rudapaksa;-4
rudin;-5
rugi;-5
ruit;0
ruji;3
rukun;3
rum;-3
rumah tangga;2
rumbing;-4
rumi;0
rumit;-4
rumor;-5
rumpil;2
rumput;3
rumung;-3
runcing;4
rundung;-4
runjang;-3
runjung;0
runtuh;-5
runtun;-5
runtut;2
runyam;-3
ruok;-5
rupa;-2
rupa rupa;1
rupawan;2
rurut;-5
rusa;-4
rusak;-4
rusak binasa;-4
rusuh;-5
rusuk;-4
rute;-4
rutup;0
ruwet;-4
ruyup;1
saba;-3
sabak;-5
sabar;2
sabet;-5
sabil;-4
sabit;-3
sabot;-3
sabun;1
sabung;-3
sabung nyawa;-3
sabur;2
sad;-4
sadar;-3
sadau;-3
sadik;1
sadis;-5
sadran;-4
sadu;3
sadur;-3
saf saf;2
safa;1
safih;-4
safinah;-3
safsaf;0
sagang;4
sah;1
sahabat;2
sahaja;2
sahara;-2
sahih;2
sahut;1
sains;3
saja ;1
sajak;-3
sajen;-4
saji;4
sakar;-5
sakat;-4
sakelek;2
sakhi;1
sakit;-4
sakit hati;-3
sakit jiwa;-4
sakit sakit;-4
sakral;2
sakramental;0
sakrokoksigeal;0
sakrolumbal;0
saksama;2
saksi;1
sakti;2
saku;0
salah;-1
satu;1
salah benang;-1
salah ketik;-2
salah ketik;-2
salah langkah;-3
salah tingkah;-4
salah urat;-3
salak;-3
salam;3
salam;3
salamat;4
salambersama;1
salat;5
saldo;2
sali;3
salihah;0
salim;4
salin;3
salut;-3
samad;3
samar;-1
sambal;-2
sambang;4
sambar;-3
sambau;0
sambit;-5
sambung;2
sambung jiwa;-3
sambung tangan;4
sambut;3
sami;3
sampah;-4
sampakan;0
sampean;-4
samping;-4
sampuk;-4
sampul;-3
sampur;-3
samseng;3
samun;3
sandar;3
sanding;-2
sandung;-5
sange;-5
sangga;4
sanggah;-4
sanggama;-2
sanggit;-5
sanggup;-5
sangih;0
sangit;-5
sangka;3
sangkak;-5
sangkak hati;-4
sangkal;-4
sangkil;4
sangkut;-4
sangkut paut;3
sanglir;0
sangsi;1
sani;3
saniter;1
sanjung;4
sanjung sanjung;2
sano;-4
santai;1
santak;-3
santap;-4
santer;4
santet;-5
santing;2
santir;3
santun;4
sapai;1
sapat;0
sapi;-3
sapi jantan;-3
sapih;4
sapit;-3
sapu;2
sara;-3
sara bara;-5
sarak;-3
saran;-2
sarangan;-3
sarap;3
sarau;-5
sareh;1
sarik;-3
saring;1
sarit;-4
sarju;4
saruk;4
sarung;-3
sasa;2
sasana;-3
sastra;2
sastrawi;0
sat pusat;-4
satelit;-3
satir;1
satire;-3
satria;-1
satron;-5
sauh;4
sauk;3
saum;-2
saur;3
sawala;3
sawar;-5
sawat;-5
say;1
sayang;4
sayap;-4
sayat;-5
sayat hati;-4
sayid;3
sayu;-3
sayu rawan;-3
sayu rayu;-3
sayung;-4
sayup;-3
sebak;0
sebal;-4
sebar;-3
sebarang;-2
sebat;1
sebentar;-2
seberang;-3
sebit;-4
sebu;3
sedap;5
sedat;-4
sedeng;-2
sederhana;-5
sedi;-2
sedia;2
sediakala;1
sedih;-1
sedimenter;0
sedot;-3
sedu;-5
seemak;3
sega;0
segah;1
segan;-1
segar;4
segeh;3
segenap;2
segi;-4
segini;-3
segitu;-3
segitunya;-3
segmental;0
sehat;4
seia;3
seismik;0
sejahtera;2
sejat;0
sejati;3
sejuk;2
seka;-4
sekah;3
sekakmat;2
sekal;1
sekam;3
sekar;5
sekat;-5
sekata;3
sekedup;-3
seko;1
sekolah;3
sekongkol;4
sekop;-3
seksi;-3
seksologis;-2
seksual;0
seksualitas;-5
sektarian;0
sektoral;1
sekunder;1
sekutu;-5
seladang;-3
selak;-5
selamat;4
selamat tinggal;-3
selang;-5
selap;-3
selar;-4
selaras;3
selawat;-3
selebaran;-3
selebu;0
seleder;-5
selekeh;-3
selektif;-3
selempang;-5
selenggara;3
selentik;-4
selera;3
selerang;-5
selesa;3
selesai;2
selesma;-3
seleweng;-5
selfie;2
selia;-4
selidik;-3
selinap;-5
selingkit;2
selingkuh;-5
selip;-3
selir;-5
selisih;-4
selit;0
selit belit;-3
selokan;-4
seloroh;3
selubung;-5
seluk;3
seluk beluk;-4
seluler;0
selulur;-2
selundup;-3
selusuh;-3
selusur;-3
semak;-5
semak hati;-5
semak semak;3
semampai;1
seman;-5
semanak;1
semangat;4
semangatin;-1
semantis;1
semaput;-4
semara;4
semarai;0
semarak;3
semat;-4
semayam;-3
sembabat;2
sembada;2
sembah;4
sembahyang;-3
sembam;-4
sembarang;-4
sember;-4
sembilu;-4
sembir;4
semboyan;2
sembrono;-5
sembuh;4
sembul;1
sembunyi;-3
sembunyi sembunyi;-4
sembur;1
semeleh;0
semena;-3
semena mena;-5
semenggah;-5
semenjana;2
sementung;-5
semerawang;1
semerbak;2
semesta;1
semi;-2
seminar;0
seminau;1
semipermanen;1
semir;-5
semoga ;1
semoga  semoga ;1
semok;-4
sempelah;-4
sempena;-3
sempena hati;4
sempit;-4
semprot;-5
sempuras;-3
sempurna;-3
semrawut;-5
semringah;1
semu;3
sen;4
senandung;4
senang;5
senantan;2
senat;-3
senda gurau;-4
sendal;-3
sendat;4
sendel;4
sendeng;4
sendi;-4
sendu;-2
senewen;-4
sengaja;-2
sengal;-4
sengal sengal;3
sengar;0
sengat;-4
senggak;-5
senggang;1
senggau;-4
senging;-5
sengketa;-4
sengsara;-5
sengsem;1
sengut sengut;-5
seni;2
senior;2
senjang;1
senonoh;-5
sensasi;-5
sensasional;1
sensi;-4
sensibel;2
sensitif;1
sensoris;1
senta;-5
sentak;-5
senteng;-5
sentil;-5
sentimen;-3
sentimental;1
sentong;-3
sentosa;2
sentral;0
sentralistis;1
sentrifugal;0
sentripetal;0
sentuh;1
sentuh asa;-1
sentuk;-4
senuh;0
senyampang;-4
senyap;-4
senyawa;0
senyum;3
senyumin;3
senyur;-4
sepada;3
sepai;-5
sepak;-3
sepakat;-4
sepatu;3
sepele;4
sepenuh;-3
sepi;-4
sepit;-3
sepoi;1
sepuh;2
sepuk;-5
sera;-5
serabutan;-5
seraga;-3
seragam;1
serah;2
serah jiwa raga;-4
serak;-4
seram;2
serampang;-5
serampu;-3
seranah;-3
serang;-3
serap;-3
serapah;-4
serasi;2
serat;1
serawak;-3
seraya;4
serbaada;2
serbabaru;1
serbabisa;2
serbadua;0
serbaemas;1
serbaguna;2
serbaindah;1
serbakeemasan;1
serbamacam;1
serbaneka;1
serbaputih;1
serbarumah;2
serbasama;3
serbaserbi;3
serbausaha;1
serbu;-5
serebral;0
serebrospinal;0
seremonial;1
serempak;1
serenging;-5
serengit;-4
serenjang;1
serentak;3
serep;2
seret;-3
sergam;2
seri;4
serial;0
serik;-3
serikat;-3
serindai;-5
seringai;-4
seringing;-4
serius;-5
sero;3
serobot;-5
serondok;0
serong;-4
seronok;1
seroyong;0
serpih;0
sertifikat;-4
seru;3
serudi;0
seruh;-2
serui;0
serul;0
serunda;0
seruput;-3
serutu;-3
servis;3
sesak;-4
sesak sesak;-3
sesal;1
sesap;-3
sesar;-3
sesat;-4
sesat akal;-2
sesat pusat;-4
sesuai;4
sesuai bunyi;-3
setan;-4
setebal;1
setek;-4
seteru;-4
setia;3
setip;-3
setir;1
setor;-3
setrap;-3
sewa;-2
sewal;-5
sewot;-5
sfenoidal;0
shabu shabu;-3
shalat;4
sharing;3
shiawase;2
sholat;5
show;2
sia;-5
sia sia;-4
sial;-5
sian;-3
siang;0
siar;-3
siasat;-3
siat;-4
siau;0
sibar;0
sibuk;4
sidang;-3
sidi;0
sidik;2
sidik midik;-3
sifer;-3
sigap;2
sigar;-3
sigi;-3
signifikan;1
signifikansi;-4
sigot;2
sihh;-2
sikap;2
sikat;-5
sikit;-3
siklis;0
siklon;-4
siksa;-5
sikut;-5
sila;1
silabis;0
silah;3
silam;-4
silang;-4
silang;3
silang selisih;-4
silang sengketa;-4
silap;-4
silap mata;-5
silaturahim;4
silih;-3
silindris;0
silir milir;2
silu;-5
siluman;-5
simak;-5
simbah;-3
simbai;1
simbiotis;1
simbok;2
simbolis;0
simetris;0
simpan;1
simpang;-4
simpang siur;-4
simpat;4
simpatik;2
simpatisan;3
simpel;1
simple;3
simpleks;3
simplistis;3
simpuh;3
simpul;1
simtomatis;0
simultan;1
sin;-1
sinar;-3
sinau;1
sindir;-3
sinematografis;0
sinemikrografik;0
sinergis;2
sing;5
singgah;-2
singgang;-4
singgung;-3
singkap;-4
singkat;0
singkat akal;-3
singkil;-4
singkir;-5
single;3
singset;2
singsing;-3
sinkretis;0
sinkron;2
sinkronis;1
sinkronisasi;3
sinoptis;1
sinovia;0
sintal;1
sintar;0
sintetis;1
sinting;-5
sinuhun;4
sinusal;0
sinusoid;0
sip;2
siph;2
sipil;0
sipongang;-3
sipu;1
sir;2
sir sir;2
sirah;1
sirap;-4
sirap hati;1
sirat;-3
sirep;-3
sirik;-5
sirkuler;-3
sirna;-5
sisa;-4
sisalak;-4
sisi;-4
sisih;-5
sistaltik;0
sistem;-4
sistematik;-3
sistematis;-3
sistemis;1
sistolik;0
siswa;3
sita;-5
sitoplasma;-5
siuman;3
sivilisasi;-3
size;1
skematis;0
sketsa;2
skors;-3
slebor;0
slip;-5
slow;1
smartphone;1
snapback;2
soak;-5
sob;2
sobat;-4
sobek;-3
sodok;-3
sodor;-3
sogo;-4
sogok;-5
sohib;3
sohor;4
sokom;-4
sokong;3
solah;4
solak;1
solang;-3
solar;1
solat;1
soleha;3
solek;3
solid;-3
solider;1
solo;0
solokan;-4
solot;-4
solusi;3
solven;1
sombong;-3
someng;-4
somplak;-4
soms;-4
songgeng;0
songsong;-2
sonor;1
sontak;-4
sopak;0
sopan;2
sorak;-3
sorong;-3
sorry;-4
sosi;-5
sosial;1
sosialistis;0
sosialita;5
sosiologis;0
sosionasional;0
sotau;-4
sotoy;-4
spam;-3
span;0
sparing;3
spasial;1
spasmodis;0
spastik;0
special;4
spektakel;-3
spektakuler;2
spesial;2
spesialis;4
spesialisasi;3
spesialistis;0
spesifik;1
spesifikasi;3
spion;-3
spiral;0
spiritual;1
sponsor;2
spontan;3
sporadis;2
sportif;3
sput;4
sreg;2
sregep;0
sri paduka;4
stabil;3
stabilitas;4
stagnan;-3
stagnasi;-5
stalk;-4
stalking;-4
stamina;3
standar;-2
standardisasi;2
statis;4
statistik;1
statistis;1
status;4
statuter;1
stereofonik;0
steril;0
steroidal;0
stok;-3
stokastik;2
stomatogastrik;0
stop;3
stori;-5
strategis;2
streng;1
stres;-4
struktur;3
struktural;0
studi;4
stupa;4
suai;3
suak;-2
suam suam;0
suam suam kuku;4
suang;0
suap;-3
suara;-1
suara halus;4
suari;-3
suasana;4
suasana hati;1
subang;-1
sublim;3
subsider;0
subsonik;0
substansi;1
substansial;1
substitutif;1
subtil;1
subur;2
subversif;-4
suceng;1
suci;4
suci hama;1
sudi;-3
sudu;-3
sufi;4
sugesti;2
sugih;2
suguh;2
sugul;0
suka;1
suka cita;-1
suka ganggu;-4
suka hati;-3
suka suka;-3
sukacita;2
sukar;-4
sukarela;-2
sukaria;2
sukat;-5
suki;1
sukses;2
sulah;0
sulalah;-3
sulam;-5
sulap;0
sulfur;-3
suling;0
sulit;-5
sultani;2
sulur;3
sulut;-4
sumarah;-4
sumasi;1
sumbang;-4
sumbat;-3
sumber;4
sumbing;-4
sumbu;2
sumeh;0
sumilir;1
sumir;0
sumirat;1
sumpah;-5
sumpah serapah;-5
sumpal;-3
sumpek;-4
sumpit;-3
sumringah;4
sun;-3
sunam;-3
sunan;4
sunat;-5
sundal bolong;-5
sunduk;-3
sundut;-3
sungging;5
sunggit;-4
sungguh;-1
sungguh sungguh;4
sungguhpun;-3
sungkan;-4
sungkap;-3
sungkawa;-3
sungkit;-3
suni;-4
suntik;-3
suntuk;-3
sunu;-2
sunyi;1
supel;2
super;-2
supercepat;1
superfisial;0
superheterodin;2
superior;4
superlatif;1
superlunar;0
supersonik;1
suplai;2
suplemen;5
suporter;3
suportif;2
support;4
supramolekuler;0
supranasional;1
surah;-4
surahi;1
surai;-3
suram;-5
surat takdir;2
surat tanah;3
surau;2
surgawi;2
suri;-1
surih;-3
surih cakap;-5
suruh;-3
suruk;-5
surup;-5
surut;-3
suryani;0
susah;-5
susah hati;-5
susila;-2
suspend;-3
susu;-4
susuh;-4
susuk;3
susul;-3
susup;-3
susur;3
susur tangan;-3
susut;-2
sutradara;-3
suudzon;-4
suvenir;4
swagriya;2
swaharga;0
swak;0
swasta;0
sweet;3
syahda;2
syahdu;1
syahriah;2
syahwat;-2
syair;-3
syairi;1
syak;-3
syakhsi;1
syamsiah;0
syarikat;3
syedi;-4
syedih;-5
syukur;5
syumuliah;2
syur;-3
taala;2
taat;-1
taat asas;2
tabah;2
tabah hati;5
tabal;-3
tabe;3
tabelaris;1
tabii;2
tablig;1
tabrak;-4
tabung;-3
tabung bambu;3
tabur;-3
tadabur;-3
tae;-4
tafakur;-3
tafsir;2
tagak;-5
tagar;-3
tagih;-3
tagut;-4
tahan;3
tahan lasak;4
tahi;-5
tahi angin;-4
tahir;1
taik;-5
tais;-3
tajak;-3
tajali;3
tajam;4
tajam mata;2
tajam otak;4
tajam pikir;4
taji;-4
takah;1
takah takah;0
takal;-4
takar;3
takat;1
takda;-2
takjub;2
takluk;-4
takrif;3
taksa;-5
taksir;3
taktil;0
taktis;1
takul;-3
takut;1
takwa;4
takyin;3
takzim;3
tala tala;-3
talak;-3
talas;-3
talen;2
talenan;-5
talenta;4
tali jantung;-3
talun;-3
talun talun;-3
tamam;2
taman;1
tamat;-4
tamat riwayat;-3
tamatulkalam;0
tambak;-5
tambat;3
tambat hati;-2
tambeng;-5
tambun;-3
tambus;-4
tampar;-3
tampel;-3
tampik;-4
tampil;1
tampuk;-3
tampus;0
tamu;-4
tanah tandus;-3
tanam;5
tancap;-3
tanda;2
tanda jasa;4
tanda mata;2
tanda tanda;4
tandang;1
tanding;2
tanduk;-2
tang;1
tangan;3
tangan panas;-4
tangap;-5
tanggal;-4
tanggang;-5
tanggap;3
tangguh;2
tanggul;-3
tanggulang;2
tanggung;-2
tanggung tanggung;1
tangis;-1
tangkal;4
tangkap;-2
tangkap basah;-3
tangkap tangan;-4
tangkas;4
tangkis;3
tangkul;3
tangsel;3
tani;2
tanjak;0
tantang;-4
tanur;-4
tapa;2
tapa tapa;-3
tapak;-4
tapak kaki;-3
tapis;1
tara;2
taraf;3
tarah;-3
tarak;-3
tarekat;2
tari;4
tarik;4
tarik hati;-1
tarik nafas habis;-5
taruh;4
taruh hati;3
taruh syak;-3
taruk;3
tarung;-3
tasamuh;5
tasyakur;-4
tata;3
tata tertib;3
tatah tatah;-5
tatak;-4
tatap;1
tating;3
tauhidiah;2
taun;-5
taut;2
tawaduk;2
tawakal;3
tawan;-3
tawar;-3
tawarikh;3
tawon;-3
tayang;3
tayib;2
tayibah;2
team;1
teatris;0
tebak;3
tebal;-3
tebal hati;-5
tebal telinga;-3
tebar;-3
tebat;-3
tebuk;-3
tedak;-4
tedas;3
teduh;3
tega;-5
tegah;-5
tegak;-4
tegak tegak;0
tegal;-4
tegang;4
tegap;-3
tegar;2
teguh;-3
teguh batin;3
teguh hati;3
teguk;2
tegun;1
tegur;2
tegur ajar;-5
teh;1
teja;4
tekad;4
tekak;-5
tekan;1
tekan jiwa;4
tekan mental;4
tekek;-3
teknik;-4
teknis;0
teknokratik;0
teks;-3
tekstural;1
tektonis;0
tekuk lutut;-3
tekun;4
tela;3
telaah;2
teladan;4
telak;2
telan;-5
telanjang;-4
telanjur;-5
telantar;-4
telat;-5
telaten;2
tele tele;-3
teledor;-4
telegenik;0
telegrafis;0
teleng;0
teleng teleng;0
telerang;-3
teles;-4
telik;-2
telimpuh;-3
telinga lembut;-3
telinga merah;4
teliti;2
teliti waskita;-3
telungkup;1
telur;3
telus;0
telusur;3
telut;1
temara;1
tembak;-5
tembak tembak;-5
tembakau;-3
tembam;-4
tembelang;-5
tembis;-5
tembok;-1
tembus;3
temenan;-2
temennya;1
temetu;0
tempel;-3
tempelak;-5
temperas;-3
tempiar;-3
tempik;-4
tempo;1
tempo tempo;3
tempoh;3
temporer;-4
tempuh hidup;3
temu;2
temu roma;-4
tenaga;5
tenaga kerja;3
tenang;4
tendang;-5
tendas;-4
tendensi;-3
tengak;-4
tenggak;-3
tenggalam;-3
tenggan;-3
tenggang;-4
tenggarang;-4
tenggelem;-3
tengkar;-4
tengkar mulut;-5
tengking;-4
tengkoh;-3
tengku;-4
tengkulak;-5
tengkuluk;3
tengkurap;2
tengok;-2
tensi;-4
tentatif;1
tenteram;2
tenung;-3
teokratis;0
teologis;-4
teoretis;3
teosofis;0
tepa salira;5
tepas;1
tepi;-4
tepi mata;-3
tepu;-3
terajam;-4
terala;2
terali;-4
terampil;-3
terang;2
terang akal;-4
teraso;4
terban;-4
terbang arwah;-4
terbang pikir;-4
terbit selera;3
teriak;-2
terima;2
tolong;-2
ngutek;-5
terima kasih;0
terima nyata;-4
terimakasih;0
terimaksih;0
terindil;0
teritorial;1
terjang;-3
terjemah;3
terjerembab;-2
terjun;-5
terka;-1
terkadang;3
terkadang kadang;3
terkam;-4
terlut;1
termaestesia;0
termal;2
terminal;-3
terminasi;-3
termodinamis;0
termoelektris;0
termolabil;0
teror;-5
terowongan;-4
terpa;-3
terpana;1
terror;-5
tersem bunyi;5
tertawa;5
tertib;-2
tesis;1
testimoni;3
tetal;0
tetas;-4
teteh;1
tetek;-4
tetes;-3
tetes darah;-3
tetiba;-3
tetua;-2
tewas;-3
thank;0
thank you;0
thanks;0
tiada;1
tian;-3
tiang pancang;3
tiara;3
tidak tahu;-1
tidakjelasan;-5
tika pangkai;-4
tikai;-4
tikam;-4
tikar;3
tike;-3
tilam;-4
tilap;-4
tilas;-3
tim;-4
timah panas;-3
timang;-1
timang nimang;-3
timba;4
timba ilmu;4
timbal;-3
timbang;-3
timbang nimbang;-3
timbul;-3
timbun;1
timburu;-5
timpa;-3
timpa timpa;-3
timpal;2
timpang;-4
timpuk;-5
timpus;0
tindak;3
tindas;-5
tindih;-4
tindik;-3
ting;-4
tingau;-4
tinggal;4
tingkah;-5
tingkah laku;1
tingkat;1
tingkeb;-3
tingkuh;-4
tinja;-5
tinju;-5
tip;4
tipeks;-3
tipologis;1
tips;3
tipu;-3
tipu muslihat;-5
tiri;-2
tiris;3
tiru;4
tirus;1
tis;0
titi;2
titik;-3
titik berat;-3
titis;-3
titis darah;-3
tituler;0
tiup;-3
tiup tiup;-3
tkde;-1
tobak;-3
tobat;-2
toboh;-4
todong;-5
tokcer;4
tokok;3
tolak;-2
toleran;1
toleransi;-3
tolok;-3
tolol;-5
tolong;0
tonggak;-4
tongkat;4
tongkeng;5
tongkrong;-3
tongong;-3
tonik;0
tonjok;-3
tonjol;-3
tonton;-4
top;2
topan;-3
topek;-4
topo;-5
topografis;0
toreh;1
tosan aji;-4
totaliter;0
totok;1
tradisional;-5
tragedi;-5
trakeid;0
traktat;3
transaksi;4
transendental;1
transformasi;-5
transformatif;2
transgenik;0
transitif;0
translusens;0
transnasional;1
transonik;0
transparan;3
transparansi;2
trauma;-5
traumatis;-4
travesti;-5
trayek;-4
trek;-3
tren;-2
trendi;1
trengginas;1
trenyuh;1
tresna;2
trigemius;2
trikuspid;0
trima;1
trimakasih;4
tropis;1
tua;-4
tua bangka;-3
tua tua;0
tuah;-3
tuak;-3
tuan;4
tuas;-3
tuba;-5
tubruk;-3
tubuh;-4
tudung lingkup;-5
tugal;-4
tugas;-1
tugur;-3
tuhan;3
tuhan;-3
tuhkan;-4
tuhmah;-3
tuil;-3
tuju;4
tujul;1
tukang;-2
tukar;1
tukar akal;1
tukar cincin;3
tukar pikir;3
tukas;-5
tukik;-4
tulah;-3
tulang;2
tulang punggung;-3
tular;-4
tulen;3
tuli;-3
tulup;-3
tulus;2
tulus hati;-1
tulus ikhlas;5
tumandang;-3
tumang;-4
tumbang;1
tumbang vertikal;-3
tumbu;-4
tumbuk;-3
tumbuk akal;-5
tumor;-4
tumpah;3
tumpah hati;-3
tumpang;-3
tumpang tinggal;-4
tumpas;-5
tumpat;-4
tumpil;3
tumpu;2
tumpuk;4
tumpul;-3
tumpul otak;-3
tumpur;-5
tun;-4
tunagrahita;0
tunai;3
tunang;-4
tunas;-2
tunasusila;-5
tunda;-3
tundang;3
tunduk;-4
tung;-3
tunggak;-4
tunggang;-1
tunggang gunung;-4
tunggu;-3
tunggu dunia;2
tunggul;-3
tungkai;2
tungkak;4
tungku;-4
tunjang;3
tuntas;2
tuntun;3
tuntut;-3
tuntut ilmu;4
tunu;-4
tupai;-5
turangga;0
turistik;0
turun;-3
tusuk;-4
tusuk nusuk;-4
tutuk;3
tutup;-2
tutup mulut;-3
tuyul;-4
uang;-2
uang lelah;2
uang pecah;-4
uang rokok;2
uang sogok;-3
uar;-3
uar uar;-3
ubah;-3
ubah akal;-2
uber;-3
ubet;2
ubudiah;2
ucek;-3
uci uci;-4
udahan;-4
udak;-4
udam;2
udar;0
udara;-4
udi;-5
ugahari;0
ugal ugalan;3
uit;-4
uji;1
ujung;-3
ujung tangan;-4
ukhrawi;2
ukir;-5
ukur;0
ulah;-3
ulam ulam;-5
ulama;3
ulas;3
ulas pers;-3
uler;-3
ulet;2
uli;0
ultramodern;1
ulung;-4
ulur;1
ulur lidah;-5
ulur tangan;4
umat;3
umbar;-3
umbul;0
umbul umbul;-3
umi;4
umpan;-3
umpat;-4
umpil;-3
umun;1
umur;4
unam;-3
unda;3
undang;1
undi;-5
undung undung;0
unek unek;2
unfollow;-2
unggal;1
unggul;5
ungkit;-3
unik;1
unilateral;0
unilineal;0
unilinear;0
uniseluler;0
unit;-4
universal;0
universiter;0
unjuk;-3
unmood;-3
unsuri;0
unting;-5
untir;4
untun;-3
untung;-3
untung untung;2
upa;4
upah;-3
upaya;1
ura ura;4
urai;3
uras;-3
urgen;-4
urine;-3
uring uring;-5
urit;-3
urita;-3
urun;-4
urung;-5
urus;4
urut urut;-4
usaha;1
usak;-3
usang;-5
usap;-4
usia;-3
usik;1
usil;4
usir;-4
usrek;-5
ustadz;3
ustazah;3
usul;-3
utama;2
utang;-4
utara;3
utas;4
utopia;2
utuh;1
uyuh;-3
vagina;-4
vak;3
vakansi;3
vakum;-3
valid;2
validitas;-3
vampir;-5
varia;3
varian;-2
variatif;1
vaskular;0
vasomotor;0
vegetaris;1
velar;0
ventura;3
verbal;1
verbalistis;0
verbatim;0
verstek;0
vertikal;0
veteriner;0
viabel;1
vibrasi;-3
vila;3
virilis;0
virulen;0
visi;2
visibel;2
vista;3
visual;1
vital;-4
vitalitas;3
vokal;0
volatil;0
vonis;-3
vote;1
voucher;3
vulgar;-3
vulkanis;0
wabah;-5
wacana;-3
wadak;3
wadi;0
waduk;-3
wafak;1
wafat;1
wagu;4
waham;-3
wahdaniah;2
wahyu;4
wajar;1
wajib;2
wakil;-3
walafiat;2
walak;-5
walang hati;-5
wan;-4
wang wangi;2
wangi;4
wangsit;-3
wantah;1
wara;-3
wara wara;-3
waras;1
waris;3
warita;-4
warna;2
warna dadu;3
warning;-3
warok;3
warta;-3
wasiat;4
wasit;-3
waskita;2
waspada;-3
waswas;-3
watak;3
waterpruf;0
watu;-3
wawa;-3
wawancara;3
wedel;2
weduk;0
wedus;-3
week;-4
wejang;-3
wekel;4
welas;4
welcome;4
wenang wenang;-5
westernis;0
wewenang;2
wibawa;3
widita;4
widyaiswara;3
wigata;0
wiladah;3
wimana;-4
wira;1
wirid;4
wisma;3
wisuda;3
witir;2
wkwkwk;3
wosi;0
wreda;-4
wujud;1
wungu;0
xifoid;0
xiloid;1
yahud;4
yasalamualaika;3
yoga;1
yogia;2
yudikatif;0
yudisial;0
yuvenil;1
yuwaraja;-4
zaim;3
zakar;-3
zakelek;4
zakiah;4
zalim;-5
zalir;0
zat mabuk;-3
ziarah;-4
zikir;4
zimotik;0
zina;-4
zuhud;2
